,variable,value,trial
0,c01_p1_g1,0.0,0
1,c01_p1_g1,0.0,1
2,c01_p1_g1,0.0,2
3,c01_p1_g1,1.0,3
4,c01_p1_g1,1.0,4
5,c01_p1_g1,1.0,5
6,c01_p1_g1,1.0,6
7,c01_p1_g1,1.0,7
8,c01_p1_g1,2.0,8
9,c01_p1_g1,2.0,9
10,c01_p1_g1,2.0,10
11,c01_p1_g1,2.0,11
12,c01_p1_g1,3.0,12
13,c01_p1_g1,4.0,13
14,c01_p1_g1,4.0,14
15,c01_p1_g1,4.0,15
16,c01_p1_g1,4.0,16
17,c01_p1_g1,4.0,17
18,c01_p1_g1,4.0,18
19,c01_p1_g1,5.0,19
20,c01_p1_g1,5.0,20
21,c01_p1_g1,5.0,21
22,c01_p1_g1,5.0,22
23,c01_p1_g1,5.0,23
24,c01_p1_g1,5.0,24
25,c01_p1_g1,6.0,25
26,c01_p1_g1,6.0,26
27,c01_p1_g1,6.0,27
28,c01_p1_g1,7.0,28
29,c01_p1_g1,7.0,29
30,c01_p1_g1,7.0,30
31,c01_p1_g1,7.0,31
32,c01_p1_g1,8.0,32
33,c01_p1_g1,8.0,33
34,c01_p1_g1,8.0,34
35,c01_p1_g1,8.0,35
36,c01_p1_g1,8.0,36
37,c01_p1_g1,8.0,37
38,c01_p1_g1,8.0,38
39,c01_p1_g1,8.0,39
40,c01_p1_g1,9.0,40
41,c01_p1_g1,9.0,41
42,c01_p1_g1,9.0,42
43,c01_p1_g1,9.0,43
44,c01_p1_g1,9.0,44
45,c01_p1_g1,9.0,45
46,c01_p1_g1,10.0,46
47,c01_p1_g1,10.0,47
48,c01_p1_g1,11.0,48
49,c01_p1_g1,11.0,49
50,c01_p1_g1,11.0,50
51,c01_p1_g1,11.0,51
52,c01_p1_g1,12.0,52
53,c01_p1_g1,12.0,53
54,c01_p1_g1,12.0,54
55,c01_p1_g1,13.0,55
56,c01_p1_g1,13.0,56
57,c01_p1_g1,13.0,57
58,c01_p1_g1,13.0,58
59,c01_p1_g1,13.0,59
60,c01_p1_g1,14.0,60
61,c01_p1_g1,15.0,61
62,c01_p1_g1,16.0,62
63,c01_p1_g1,16.0,63
64,c01_p1_g1,16.0,64
65,c01_p1_g1,16.0,65
66,c01_p1_g1,16.0,66
67,c01_p1_g1,16.0,67
68,c01_p1_g1,17.0,68
69,c01_p1_g1,18.0,69
70,c01_p1_g1,18.0,70
71,c01_p1_g1,18.0,71
72,c01_p1_g1,19.0,72
73,c01_p1_g1,19.0,73
74,c01_p1_g1,19.0,74
75,c01_p1_g1,20.0,75
76,c01_p1_g1,20.0,76
77,c01_p1_g1,20.0,77
78,c01_p1_g1,21.0,78
79,c01_p1_g1,21.0,79
80,c01_p1_g1,21.0,80
81,c01_p1_g1,21.0,81
82,c01_p1_g1,22.0,82
83,c01_p1_g1,22.0,83
84,c01_p1_g1,22.0,84
85,c01_p1_g1,22.0,85
86,c01_p1_g1,22.0,86
87,c01_p1_g1,22.0,87
88,c01_p1_g1,22.0,88
89,c01_p1_g1,22.0,89
90,c01_p1_g1,22.0,90
91,c01_p1_g1,22.0,91
92,c01_p1_g1,22.0,92
93,c01_p1_g1,23.0,93
94,c01_p1_g1,23.0,94
95,c01_p1_g1,23.0,95
96,c01_p1_g1,23.0,96
97,c01_p1_g1,23.0,97
98,c01_p1_g1,23.0,98
99,c01_p1_g1,23.0,99
100,c02_p1_g1,0.0,0
101,c02_p1_g1,1.0,1
102,c02_p1_g1,2.0,2
103,c02_p1_g1,2.0,3
104,c02_p1_g1,2.0,4
105,c02_p1_g1,2.0,5
106,c02_p1_g1,3.0,6
107,c02_p1_g1,3.0,7
108,c02_p1_g1,3.0,8
109,c02_p1_g1,4.0,9
110,c02_p1_g1,4.0,10
111,c02_p1_g1,4.0,11
112,c02_p1_g1,4.0,12
113,c02_p1_g1,4.0,13
114,c02_p1_g1,4.0,14
115,c02_p1_g1,4.0,15
116,c02_p1_g1,4.0,16
117,c02_p1_g1,4.0,17
118,c02_p1_g1,4.0,18
119,c02_p1_g1,4.0,19
120,c02_p1_g1,4.0,20
121,c02_p1_g1,4.0,21
122,c02_p1_g1,4.0,22
123,c02_p1_g1,4.0,23
124,c02_p1_g1,4.0,24
125,c02_p1_g1,4.0,25
126,c02_p1_g1,4.0,26
127,c02_p1_g1,4.0,27
128,c02_p1_g1,5.0,28
129,c02_p1_g1,6.0,29
130,c02_p1_g1,7.0,30
131,c02_p1_g1,8.0,31
132,c02_p1_g1,9.0,32
133,c02_p1_g1,9.0,33
134,c02_p1_g1,9.0,34
135,c02_p1_g1,9.0,35
136,c02_p1_g1,9.0,36
137,c02_p1_g1,9.0,37
138,c02_p1_g1,9.0,38
139,c02_p1_g1,9.0,39
140,c02_p1_g1,9.0,40
141,c02_p1_g1,9.0,41
142,c02_p1_g1,9.0,42
143,c02_p1_g1,10.0,43
144,c02_p1_g1,10.0,44
145,c02_p1_g1,10.0,45
146,c02_p1_g1,10.0,46
147,c02_p1_g1,10.0,47
148,c02_p1_g1,10.0,48
149,c02_p1_g1,10.0,49
150,c02_p1_g1,10.0,50
151,c02_p1_g1,10.0,51
152,c02_p1_g1,10.0,52
153,c02_p1_g1,10.0,53
154,c02_p1_g1,10.0,54
155,c02_p1_g1,10.0,55
156,c02_p1_g1,10.0,56
157,c02_p1_g1,10.0,57
158,c02_p1_g1,10.0,58
159,c02_p1_g1,10.0,59
160,c02_p1_g1,10.0,60
161,c02_p1_g1,10.0,61
162,c02_p1_g1,10.0,62
163,c02_p1_g1,10.0,63
164,c02_p1_g1,10.0,64
165,c02_p1_g1,10.0,65
166,c02_p1_g1,10.0,66
167,c02_p1_g1,10.0,67
168,c02_p1_g1,10.0,68
169,c02_p1_g1,10.0,69
170,c02_p1_g1,10.0,70
171,c02_p1_g1,10.0,71
172,c02_p1_g1,10.0,72
173,c02_p1_g1,10.0,73
174,c02_p1_g1,10.0,74
175,c02_p1_g1,10.0,75
176,c02_p1_g1,10.0,76
177,c02_p1_g1,10.0,77
178,c02_p1_g1,10.0,78
179,c02_p1_g1,10.0,79
180,c02_p1_g1,10.0,80
181,c02_p1_g1,11.0,81
182,c02_p1_g1,11.0,82
183,c02_p1_g1,12.0,83
184,c02_p1_g1,12.0,84
185,c02_p1_g1,12.0,85
186,c02_p1_g1,12.0,86
187,c02_p1_g1,12.0,87
188,c02_p1_g1,12.0,88
189,c02_p1_g1,13.0,89
190,c02_p1_g1,13.0,90
191,c02_p1_g1,13.0,91
192,c02_p1_g1,13.0,92
193,c02_p1_g1,13.0,93
194,c02_p1_g1,13.0,94
195,c02_p1_g1,13.0,95
196,c02_p1_g1,13.0,96
197,c02_p1_g1,13.0,97
198,c02_p1_g1,13.0,98
199,c02_p1_g1,13.0,99
200,c03_p1_g1,0.0,0
201,c03_p1_g1,0.0,1
202,c03_p1_g1,0.0,2
203,c03_p1_g1,1.0,3
204,c03_p1_g1,2.0,4
205,c03_p1_g1,2.0,5
206,c03_p1_g1,2.0,6
207,c03_p1_g1,3.0,7
208,c03_p1_g1,3.0,8
209,c03_p1_g1,4.0,9
210,c03_p1_g1,5.0,10
211,c03_p1_g1,5.0,11
212,c03_p1_g1,6.0,12
213,c03_p1_g1,7.0,13
214,c03_p1_g1,7.0,14
215,c03_p1_g1,7.0,15
216,c03_p1_g1,8.0,16
217,c03_p1_g1,8.0,17
218,c03_p1_g1,8.0,18
219,c03_p1_g1,9.0,19
220,c03_p1_g1,9.0,20
221,c03_p1_g1,9.0,21
222,c03_p1_g1,9.0,22
223,c03_p1_g1,9.0,23
224,c03_p1_g1,9.0,24
225,c03_p1_g1,9.0,25
226,c03_p1_g1,9.0,26
227,c03_p1_g1,9.0,27
228,c03_p1_g1,9.0,28
229,c03_p1_g1,9.0,29
230,c03_p1_g1,9.0,30
231,c03_p1_g1,9.0,31
232,c03_p1_g1,9.0,32
233,c03_p1_g1,9.0,33
234,c03_p1_g1,9.0,34
235,c03_p1_g1,9.0,35
236,c03_p1_g1,9.0,36
237,c03_p1_g1,9.0,37
238,c03_p1_g1,9.0,38
239,c03_p1_g1,9.0,39
240,c03_p1_g1,9.0,40
241,c03_p1_g1,9.0,41
242,c03_p1_g1,9.0,42
243,c03_p1_g1,9.0,43
244,c03_p1_g1,9.0,44
245,c03_p1_g1,9.0,45
246,c03_p1_g1,9.0,46
247,c03_p1_g1,9.0,47
248,c03_p1_g1,10.0,48
249,c03_p1_g1,10.0,49
250,c03_p1_g1,10.0,50
251,c03_p1_g1,10.0,51
252,c03_p1_g1,10.0,52
253,c03_p1_g1,10.0,53
254,c03_p1_g1,10.0,54
255,c03_p1_g1,11.0,55
256,c03_p1_g1,11.0,56
257,c03_p1_g1,11.0,57
258,c03_p1_g1,11.0,58
259,c03_p1_g1,11.0,59
260,c03_p1_g1,12.0,60
261,c03_p1_g1,12.0,61
262,c03_p1_g1,12.0,62
263,c03_p1_g1,12.0,63
264,c03_p1_g1,12.0,64
265,c03_p1_g1,12.0,65
266,c03_p1_g1,12.0,66
267,c03_p1_g1,12.0,67
268,c03_p1_g1,12.0,68
269,c03_p1_g1,12.0,69
270,c03_p1_g1,12.0,70
271,c03_p1_g1,12.0,71
272,c03_p1_g1,12.0,72
273,c03_p1_g1,12.0,73
274,c03_p1_g1,12.0,74
275,c03_p1_g1,12.0,75
276,c03_p1_g1,12.0,76
277,c03_p1_g1,12.0,77
278,c03_p1_g1,12.0,78
279,c03_p1_g1,12.0,79
280,c03_p1_g1,12.0,80
281,c03_p1_g1,12.0,81
282,c03_p1_g1,12.0,82
283,c03_p1_g1,12.0,83
284,c03_p1_g1,12.0,84
285,c03_p1_g1,12.0,85
286,c03_p1_g1,12.0,86
287,c03_p1_g1,12.0,87
288,c03_p1_g1,12.0,88
289,c03_p1_g1,12.0,89
290,c03_p1_g1,12.0,90
291,c03_p1_g1,12.0,91
292,c03_p1_g1,12.0,92
293,c03_p1_g1,12.0,93
294,c03_p1_g1,12.0,94
295,c03_p1_g1,12.0,95
296,c03_p1_g1,12.0,96
297,c03_p1_g1,12.0,97
298,c03_p1_g1,12.0,98
299,c03_p1_g1,12.0,99
300,c05_p1_g1,0.0,0
301,c05_p1_g1,0.0,1
302,c05_p1_g1,1.0,2
303,c05_p1_g1,1.0,3
304,c05_p1_g1,1.0,4
305,c05_p1_g1,2.0,5
306,c05_p1_g1,2.0,6
307,c05_p1_g1,2.0,7
308,c05_p1_g1,3.0,8
309,c05_p1_g1,3.0,9
310,c05_p1_g1,3.0,10
311,c05_p1_g1,4.0,11
312,c05_p1_g1,4.0,12
313,c05_p1_g1,4.0,13
314,c05_p1_g1,5.0,14
315,c05_p1_g1,5.0,15
316,c05_p1_g1,6.0,16
317,c05_p1_g1,6.0,17
318,c05_p1_g1,6.0,18
319,c05_p1_g1,7.0,19
320,c05_p1_g1,7.0,20
321,c05_p1_g1,7.0,21
322,c05_p1_g1,8.0,22
323,c05_p1_g1,8.0,23
324,c05_p1_g1,8.0,24
325,c05_p1_g1,9.0,25
326,c05_p1_g1,9.0,26
327,c05_p1_g1,9.0,27
328,c05_p1_g1,9.0,28
329,c05_p1_g1,9.0,29
330,c05_p1_g1,10.0,30
331,c05_p1_g1,10.0,31
332,c05_p1_g1,10.0,32
333,c05_p1_g1,10.0,33
334,c05_p1_g1,11.0,34
335,c05_p1_g1,11.0,35
336,c05_p1_g1,12.0,36
337,c05_p1_g1,12.0,37
338,c05_p1_g1,12.0,38
339,c05_p1_g1,13.0,39
340,c05_p1_g1,13.0,40
341,c05_p1_g1,13.0,41
342,c05_p1_g1,14.0,42
343,c05_p1_g1,14.0,43
344,c05_p1_g1,14.0,44
345,c05_p1_g1,14.0,45
346,c05_p1_g1,15.0,46
347,c05_p1_g1,15.0,47
348,c05_p1_g1,15.0,48
349,c05_p1_g1,16.0,49
350,c05_p1_g1,16.0,50
351,c05_p1_g1,16.0,51
352,c05_p1_g1,17.0,52
353,c05_p1_g1,17.0,53
354,c05_p1_g1,17.0,54
355,c05_p1_g1,18.0,55
356,c05_p1_g1,18.0,56
357,c05_p1_g1,19.0,57
358,c05_p1_g1,19.0,58
359,c05_p1_g1,20.0,59
360,c05_p1_g1,20.0,60
361,c05_p1_g1,20.0,61
362,c05_p1_g1,21.0,62
363,c05_p1_g1,21.0,63
364,c05_p1_g1,21.0,64
365,c05_p1_g1,21.0,65
366,c05_p1_g1,21.0,66
367,c05_p1_g1,22.0,67
368,c05_p1_g1,22.0,68
369,c05_p1_g1,23.0,69
370,c05_p1_g1,23.0,70
371,c05_p1_g1,24.0,71
372,c05_p1_g1,24.0,72
373,c05_p1_g1,24.0,73
374,c05_p1_g1,25.0,74
375,c05_p1_g1,25.0,75
376,c05_p1_g1,25.0,76
377,c05_p1_g1,25.0,77
378,c05_p1_g1,26.0,78
379,c05_p1_g1,26.0,79
380,c05_p1_g1,26.0,80
381,c05_p1_g1,27.0,81
382,c05_p1_g1,27.0,82
383,c05_p1_g1,27.0,83
384,c05_p1_g1,28.0,84
385,c05_p1_g1,28.0,85
386,c05_p1_g1,28.0,86
387,c05_p1_g1,29.0,87
388,c05_p1_g1,29.0,88
389,c05_p1_g1,29.0,89
390,c05_p1_g1,30.0,90
391,c05_p1_g1,30.0,91
392,c05_p1_g1,31.0,92
393,c05_p1_g1,31.0,93
394,c05_p1_g1,32.0,94
395,c05_p1_g1,32.0,95
396,c05_p1_g1,32.0,96
397,c05_p1_g1,33.0,97
398,c05_p1_g1,33.0,98
399,c05_p1_g1,34.0,99
400,c06_p1_g1,0.0,0
401,c06_p1_g1,0.0,1
402,c06_p1_g1,1.0,2
403,c06_p1_g1,1.0,3
404,c06_p1_g1,1.0,4
405,c06_p1_g1,1.0,5
406,c06_p1_g1,1.0,6
407,c06_p1_g1,2.0,7
408,c06_p1_g1,3.0,8
409,c06_p1_g1,3.0,9
410,c06_p1_g1,4.0,10
411,c06_p1_g1,4.0,11
412,c06_p1_g1,5.0,12
413,c06_p1_g1,5.0,13
414,c06_p1_g1,5.0,14
415,c06_p1_g1,5.0,15
416,c06_p1_g1,5.0,16
417,c06_p1_g1,5.0,17
418,c06_p1_g1,6.0,18
419,c06_p1_g1,6.0,19
420,c06_p1_g1,6.0,20
421,c06_p1_g1,6.0,21
422,c06_p1_g1,6.0,22
423,c06_p1_g1,6.0,23
424,c06_p1_g1,7.0,24
425,c06_p1_g1,7.0,25
426,c06_p1_g1,7.0,26
427,c06_p1_g1,7.0,27
428,c06_p1_g1,8.0,28
429,c06_p1_g1,8.0,29
430,c06_p1_g1,8.0,30
431,c06_p1_g1,9.0,31
432,c06_p1_g1,9.0,32
433,c06_p1_g1,9.0,33
434,c06_p1_g1,9.0,34
435,c06_p1_g1,10.0,35
436,c06_p1_g1,10.0,36
437,c06_p1_g1,11.0,37
438,c06_p1_g1,11.0,38
439,c06_p1_g1,12.0,39
440,c06_p1_g1,12.0,40
441,c06_p1_g1,12.0,41
442,c06_p1_g1,12.0,42
443,c06_p1_g1,12.0,43
444,c06_p1_g1,12.0,44
445,c06_p1_g1,12.0,45
446,c06_p1_g1,12.0,46
447,c06_p1_g1,13.0,47
448,c06_p1_g1,13.0,48
449,c06_p1_g1,14.0,49
450,c06_p1_g1,14.0,50
451,c06_p1_g1,14.0,51
452,c06_p1_g1,14.0,52
453,c06_p1_g1,15.0,53
454,c06_p1_g1,15.0,54
455,c06_p1_g1,15.0,55
456,c06_p1_g1,15.0,56
457,c06_p1_g1,15.0,57
458,c06_p1_g1,15.0,58
459,c06_p1_g1,15.0,59
460,c06_p1_g1,15.0,60
461,c06_p1_g1,16.0,61
462,c06_p1_g1,16.0,62
463,c06_p1_g1,16.0,63
464,c06_p1_g1,16.0,64
465,c06_p1_g1,16.0,65
466,c06_p1_g1,17.0,66
467,c06_p1_g1,17.0,67
468,c06_p1_g1,17.0,68
469,c06_p1_g1,17.0,69
470,c06_p1_g1,18.0,70
471,c06_p1_g1,18.0,71
472,c06_p1_g1,19.0,72
473,c06_p1_g1,19.0,73
474,c06_p1_g1,19.0,74
475,c06_p1_g1,20.0,75
476,c06_p1_g1,20.0,76
477,c06_p1_g1,20.0,77
478,c06_p1_g1,21.0,78
479,c06_p1_g1,22.0,79
480,c06_p1_g1,22.0,80
481,c06_p1_g1,22.0,81
482,c06_p1_g1,22.0,82
483,c06_p1_g1,22.0,83
484,c06_p1_g1,23.0,84
485,c06_p1_g1,23.0,85
486,c06_p1_g1,24.0,86
487,c06_p1_g1,24.0,87
488,c06_p1_g1,25.0,88
489,c06_p1_g1,25.0,89
490,c06_p1_g1,26.0,90
491,c06_p1_g1,26.0,91
492,c06_p1_g1,26.0,92
493,c06_p1_g1,27.0,93
494,c06_p1_g1,27.0,94
495,c06_p1_g1,28.0,95
496,c06_p1_g1,28.0,96
497,c06_p1_g1,28.0,97
498,c06_p1_g1,29.0,98
499,c06_p1_g1,29.0,99
500,c07_p1_g1,0.0,0
501,c07_p1_g1,0.0,1
502,c07_p1_g1,0.0,2
503,c07_p1_g1,0.0,3
504,c07_p1_g1,0.0,4
505,c07_p1_g1,1.0,5
506,c07_p1_g1,2.0,6
507,c07_p1_g1,2.0,7
508,c07_p1_g1,2.0,8
509,c07_p1_g1,2.0,9
510,c07_p1_g1,2.0,10
511,c07_p1_g1,2.0,11
512,c07_p1_g1,3.0,12
513,c07_p1_g1,4.0,13
514,c07_p1_g1,4.0,14
515,c07_p1_g1,4.0,15
516,c07_p1_g1,4.0,16
517,c07_p1_g1,4.0,17
518,c07_p1_g1,5.0,18
519,c07_p1_g1,6.0,19
520,c07_p1_g1,6.0,20
521,c07_p1_g1,6.0,21
522,c07_p1_g1,6.0,22
523,c07_p1_g1,7.0,23
524,c07_p1_g1,7.0,24
525,c07_p1_g1,8.0,25
526,c07_p1_g1,8.0,26
527,c07_p1_g1,8.0,27
528,c07_p1_g1,8.0,28
529,c07_p1_g1,8.0,29
530,c07_p1_g1,8.0,30
531,c07_p1_g1,8.0,31
532,c07_p1_g1,8.0,32
533,c07_p1_g1,8.0,33
534,c07_p1_g1,8.0,34
535,c07_p1_g1,8.0,35
536,c07_p1_g1,9.0,36
537,c07_p1_g1,9.0,37
538,c07_p1_g1,9.0,38
539,c07_p1_g1,10.0,39
540,c07_p1_g1,10.0,40
541,c07_p1_g1,10.0,41
542,c07_p1_g1,11.0,42
543,c07_p1_g1,11.0,43
544,c07_p1_g1,11.0,44
545,c07_p1_g1,11.0,45
546,c07_p1_g1,12.0,46
547,c07_p1_g1,12.0,47
548,c07_p1_g1,12.0,48
549,c07_p1_g1,12.0,49
550,c07_p1_g1,12.0,50
551,c07_p1_g1,12.0,51
552,c07_p1_g1,12.0,52
553,c07_p1_g1,12.0,53
554,c07_p1_g1,12.0,54
555,c07_p1_g1,12.0,55
556,c07_p1_g1,12.0,56
557,c07_p1_g1,12.0,57
558,c07_p1_g1,12.0,58
559,c07_p1_g1,12.0,59
560,c07_p1_g1,12.0,60
561,c07_p1_g1,12.0,61
562,c07_p1_g1,12.0,62
563,c07_p1_g1,12.0,63
564,c07_p1_g1,12.0,64
565,c07_p1_g1,12.0,65
566,c07_p1_g1,12.0,66
567,c07_p1_g1,12.0,67
568,c07_p1_g1,12.0,68
569,c07_p1_g1,12.0,69
570,c07_p1_g1,12.0,70
571,c07_p1_g1,12.0,71
572,c07_p1_g1,12.0,72
573,c07_p1_g1,12.0,73
574,c07_p1_g1,12.0,74
575,c07_p1_g1,12.0,75
576,c07_p1_g1,12.0,76
577,c07_p1_g1,12.0,77
578,c07_p1_g1,12.0,78
579,c07_p1_g1,12.0,79
580,c07_p1_g1,12.0,80
581,c07_p1_g1,12.0,81
582,c07_p1_g1,12.0,82
583,c07_p1_g1,12.0,83
584,c07_p1_g1,12.0,84
585,c07_p1_g1,12.0,85
586,c07_p1_g1,12.0,86
587,c07_p1_g1,12.0,87
588,c07_p1_g1,12.0,88
589,c07_p1_g1,12.0,89
590,c07_p1_g1,12.0,90
591,c07_p1_g1,12.0,91
592,c07_p1_g1,12.0,92
593,c07_p1_g1,12.0,93
594,c07_p1_g1,12.0,94
595,c07_p1_g1,12.0,95
596,c07_p1_g1,12.0,96
597,c07_p1_g1,12.0,97
600,c09_p1_g1,0.0,0
601,c09_p1_g1,0.0,1
602,c09_p1_g1,0.0,2
603,c09_p1_g1,0.0,3
604,c09_p1_g1,0.0,4
605,c09_p1_g1,1.0,5
606,c09_p1_g1,1.0,6
607,c09_p1_g1,1.0,7
608,c09_p1_g1,1.0,8
609,c09_p1_g1,2.0,9
610,c09_p1_g1,2.0,10
611,c09_p1_g1,2.0,11
612,c09_p1_g1,3.0,12
613,c09_p1_g1,3.0,13
614,c09_p1_g1,3.0,14
615,c09_p1_g1,3.0,15
616,c09_p1_g1,4.0,16
617,c09_p1_g1,4.0,17
618,c09_p1_g1,4.0,18
619,c09_p1_g1,4.0,19
620,c09_p1_g1,5.0,20
621,c09_p1_g1,5.0,21
622,c09_p1_g1,5.0,22
623,c09_p1_g1,5.0,23
624,c09_p1_g1,6.0,24
625,c09_p1_g1,6.0,25
626,c09_p1_g1,6.0,26
627,c09_p1_g1,6.0,27
628,c09_p1_g1,7.0,28
629,c09_p1_g1,8.0,29
630,c09_p1_g1,8.0,30
631,c09_p1_g1,8.0,31
632,c09_p1_g1,8.0,32
633,c09_p1_g1,9.0,33
634,c09_p1_g1,9.0,34
635,c09_p1_g1,9.0,35
636,c09_p1_g1,9.0,36
637,c09_p1_g1,10.0,37
638,c09_p1_g1,10.0,38
639,c09_p1_g1,10.0,39
640,c09_p1_g1,10.0,40
641,c09_p1_g1,11.0,41
642,c09_p1_g1,11.0,42
643,c09_p1_g1,11.0,43
644,c09_p1_g1,11.0,44
645,c09_p1_g1,12.0,45
646,c09_p1_g1,12.0,46
647,c09_p1_g1,12.0,47
648,c09_p1_g1,12.0,48
649,c09_p1_g1,13.0,49
650,c09_p1_g1,13.0,50
651,c09_p1_g1,13.0,51
652,c09_p1_g1,13.0,52
653,c09_p1_g1,14.0,53
654,c09_p1_g1,14.0,54
655,c09_p1_g1,14.0,55
656,c09_p1_g1,14.0,56
657,c09_p1_g1,15.0,57
658,c09_p1_g1,16.0,58
659,c09_p1_g1,16.0,59
660,c09_p1_g1,16.0,60
661,c09_p1_g1,16.0,61
662,c09_p1_g1,16.0,62
663,c09_p1_g1,17.0,63
664,c09_p1_g1,17.0,64
665,c09_p1_g1,17.0,65
666,c09_p1_g1,17.0,66
667,c09_p1_g1,17.0,67
668,c09_p1_g1,17.0,68
669,c09_p1_g1,17.0,69
670,c09_p1_g1,18.0,70
671,c09_p1_g1,19.0,71
672,c09_p1_g1,20.0,72
673,c09_p1_g1,20.0,73
674,c09_p1_g1,20.0,74
675,c09_p1_g1,20.0,75
676,c09_p1_g1,21.0,76
677,c09_p1_g1,21.0,77
678,c09_p1_g1,21.0,78
679,c09_p1_g1,21.0,79
680,c09_p1_g1,22.0,80
681,c09_p1_g1,22.0,81
682,c09_p1_g1,22.0,82
683,c09_p1_g1,22.0,83
684,c09_p1_g1,23.0,84
685,c09_p1_g1,23.0,85
686,c09_p1_g1,23.0,86
687,c09_p1_g1,23.0,87
688,c09_p1_g1,24.0,88
689,c09_p1_g1,25.0,89
690,c09_p1_g1,25.0,90
691,c09_p1_g1,25.0,91
692,c09_p1_g1,25.0,92
693,c09_p1_g1,26.0,93
694,c09_p1_g1,26.0,94
695,c09_p1_g1,27.0,95
696,c09_p1_g1,27.0,96
697,c09_p1_g1,27.0,97
698,c09_p1_g1,28.0,98
699,c09_p1_g1,28.0,99
700,c10_p1_g1,0.0,0
701,c10_p1_g1,0.0,1
702,c10_p1_g1,1.0,2
703,c10_p1_g1,1.0,3
704,c10_p1_g1,1.0,4
705,c10_p1_g1,1.0,5
706,c10_p1_g1,1.0,6
707,c10_p1_g1,2.0,7
708,c10_p1_g1,2.0,8
709,c10_p1_g1,2.0,9
710,c10_p1_g1,2.0,10
711,c10_p1_g1,2.0,11
712,c10_p1_g1,2.0,12
713,c10_p1_g1,3.0,13
714,c10_p1_g1,3.0,14
715,c10_p1_g1,3.0,15
716,c10_p1_g1,4.0,16
717,c10_p1_g1,5.0,17
718,c10_p1_g1,5.0,18
719,c10_p1_g1,5.0,19
720,c10_p1_g1,5.0,20
721,c10_p1_g1,6.0,21
722,c10_p1_g1,6.0,22
723,c10_p1_g1,6.0,23
724,c10_p1_g1,7.0,24
725,c10_p1_g1,7.0,25
726,c10_p1_g1,7.0,26
727,c10_p1_g1,7.0,27
728,c10_p1_g1,7.0,28
729,c10_p1_g1,7.0,29
730,c10_p1_g1,7.0,30
731,c10_p1_g1,7.0,31
732,c10_p1_g1,7.0,32
733,c10_p1_g1,7.0,33
734,c10_p1_g1,7.0,34
735,c10_p1_g1,7.0,35
736,c10_p1_g1,7.0,36
737,c10_p1_g1,7.0,37
738,c10_p1_g1,8.0,38
739,c10_p1_g1,8.0,39
740,c10_p1_g1,8.0,40
741,c10_p1_g1,8.0,41
742,c10_p1_g1,8.0,42
743,c10_p1_g1,8.0,43
744,c10_p1_g1,8.0,44
745,c10_p1_g1,9.0,45
746,c10_p1_g1,9.0,46
747,c10_p1_g1,9.0,47
748,c10_p1_g1,9.0,48
749,c10_p1_g1,9.0,49
750,c10_p1_g1,9.0,50
751,c10_p1_g1,9.0,51
752,c10_p1_g1,9.0,52
753,c10_p1_g1,9.0,53
754,c10_p1_g1,9.0,54
755,c10_p1_g1,9.0,55
756,c10_p1_g1,9.0,56
757,c10_p1_g1,9.0,57
758,c10_p1_g1,9.0,58
759,c10_p1_g1,9.0,59
760,c10_p1_g1,9.0,60
761,c10_p1_g1,9.0,61
762,c10_p1_g1,9.0,62
763,c10_p1_g1,9.0,63
764,c10_p1_g1,9.0,64
765,c10_p1_g1,9.0,65
766,c10_p1_g1,9.0,66
767,c10_p1_g1,9.0,67
768,c10_p1_g1,9.0,68
769,c10_p1_g1,9.0,69
770,c10_p1_g1,9.0,70
771,c10_p1_g1,9.0,71
772,c10_p1_g1,9.0,72
773,c10_p1_g1,9.0,73
774,c10_p1_g1,9.0,74
775,c10_p1_g1,9.0,75
776,c10_p1_g1,9.0,76
777,c10_p1_g1,9.0,77
778,c10_p1_g1,9.0,78
779,c10_p1_g1,9.0,79
780,c10_p1_g1,9.0,80
781,c10_p1_g1,9.0,81
782,c10_p1_g1,9.0,82
783,c10_p1_g1,9.0,83
784,c10_p1_g1,9.0,84
785,c10_p1_g1,9.0,85
786,c10_p1_g1,9.0,86
787,c10_p1_g1,9.0,87
788,c10_p1_g1,9.0,88
789,c10_p1_g1,9.0,89
790,c10_p1_g1,9.0,90
791,c10_p1_g1,9.0,91
792,c10_p1_g1,9.0,92
793,c10_p1_g1,9.0,93
794,c10_p1_g1,9.0,94
795,c10_p1_g1,9.0,95
796,c10_p1_g1,9.0,96
797,c10_p1_g1,9.0,97
798,c10_p1_g1,9.0,98
799,c10_p1_g1,9.0,99
800,c11_p1_g1,0.0,0
801,c11_p1_g1,0.0,1
802,c11_p1_g1,0.0,2
803,c11_p1_g1,0.0,3
804,c11_p1_g1,0.0,4
805,c11_p1_g1,1.0,5
806,c11_p1_g1,1.0,6
807,c11_p1_g1,2.0,7
808,c11_p1_g1,2.0,8
809,c11_p1_g1,2.0,9
810,c11_p1_g1,3.0,10
811,c11_p1_g1,3.0,11
812,c11_p1_g1,4.0,12
813,c11_p1_g1,4.0,13
814,c11_p1_g1,4.0,14
815,c11_p1_g1,5.0,15
816,c11_p1_g1,5.0,16
817,c11_p1_g1,5.0,17
818,c11_p1_g1,6.0,18
819,c11_p1_g1,7.0,19
820,c11_p1_g1,7.0,20
821,c11_p1_g1,7.0,21
822,c11_p1_g1,8.0,22
823,c11_p1_g1,8.0,23
824,c11_p1_g1,8.0,24
825,c11_p1_g1,8.0,25
826,c11_p1_g1,9.0,26
827,c11_p1_g1,9.0,27
828,c11_p1_g1,9.0,28
829,c11_p1_g1,10.0,29
830,c11_p1_g1,10.0,30
831,c11_p1_g1,10.0,31
832,c11_p1_g1,10.0,32
833,c11_p1_g1,10.0,33
834,c11_p1_g1,10.0,34
835,c11_p1_g1,10.0,35
836,c11_p1_g1,10.0,36
837,c11_p1_g1,11.0,37
838,c11_p1_g1,11.0,38
839,c11_p1_g1,11.0,39
840,c11_p1_g1,11.0,40
841,c11_p1_g1,12.0,41
842,c11_p1_g1,12.0,42
843,c11_p1_g1,12.0,43
844,c11_p1_g1,12.0,44
845,c11_p1_g1,12.0,45
846,c11_p1_g1,13.0,46
847,c11_p1_g1,13.0,47
848,c11_p1_g1,13.0,48
849,c11_p1_g1,13.0,49
850,c11_p1_g1,13.0,50
851,c11_p1_g1,13.0,51
852,c11_p1_g1,13.0,52
853,c11_p1_g1,13.0,53
854,c11_p1_g1,13.0,54
855,c11_p1_g1,13.0,55
856,c11_p1_g1,13.0,56
857,c11_p1_g1,13.0,57
858,c11_p1_g1,13.0,58
859,c11_p1_g1,13.0,59
860,c11_p1_g1,14.0,60
861,c11_p1_g1,14.0,61
862,c11_p1_g1,14.0,62
863,c11_p1_g1,14.0,63
864,c11_p1_g1,14.0,64
865,c11_p1_g1,14.0,65
866,c11_p1_g1,14.0,66
867,c11_p1_g1,14.0,67
868,c11_p1_g1,14.0,68
869,c11_p1_g1,14.0,69
870,c11_p1_g1,14.0,70
871,c11_p1_g1,15.0,71
872,c11_p1_g1,15.0,72
873,c11_p1_g1,15.0,73
874,c11_p1_g1,15.0,74
875,c11_p1_g1,16.0,75
876,c11_p1_g1,16.0,76
877,c11_p1_g1,16.0,77
878,c11_p1_g1,16.0,78
879,c11_p1_g1,16.0,79
880,c11_p1_g1,16.0,80
881,c11_p1_g1,16.0,81
882,c11_p1_g1,16.0,82
883,c11_p1_g1,16.0,83
884,c11_p1_g1,16.0,84
885,c11_p1_g1,16.0,85
886,c11_p1_g1,16.0,86
887,c11_p1_g1,16.0,87
888,c11_p1_g1,16.0,88
889,c11_p1_g1,16.0,89
890,c11_p1_g1,16.0,90
891,c11_p1_g1,16.0,91
892,c11_p1_g1,16.0,92
893,c11_p1_g1,16.0,93
894,c11_p1_g1,16.0,94
895,c11_p1_g1,16.0,95
896,c11_p1_g1,16.0,96
897,c11_p1_g1,17.0,97
898,c11_p1_g1,18.0,98
899,c11_p1_g1,18.0,99
900,c12_p1_g1,0.0,0
901,c12_p1_g1,0.0,1
902,c12_p1_g1,0.0,2
903,c12_p1_g1,1.0,3
904,c12_p1_g1,1.0,4
905,c12_p1_g1,1.0,5
906,c12_p1_g1,1.0,6
907,c12_p1_g1,2.0,7
908,c12_p1_g1,3.0,8
909,c12_p1_g1,3.0,9
910,c12_p1_g1,3.0,10
911,c12_p1_g1,3.0,11
912,c12_p1_g1,3.0,12
913,c12_p1_g1,3.0,13
914,c12_p1_g1,4.0,14
915,c12_p1_g1,4.0,15
916,c12_p1_g1,5.0,16
917,c12_p1_g1,5.0,17
918,c12_p1_g1,5.0,18
919,c12_p1_g1,5.0,19
920,c12_p1_g1,6.0,20
921,c12_p1_g1,7.0,21
922,c12_p1_g1,7.0,22
923,c12_p1_g1,7.0,23
924,c12_p1_g1,8.0,24
925,c12_p1_g1,8.0,25
926,c12_p1_g1,8.0,26
927,c12_p1_g1,8.0,27
928,c12_p1_g1,9.0,28
929,c12_p1_g1,9.0,29
930,c12_p1_g1,9.0,30
931,c12_p1_g1,9.0,31
932,c12_p1_g1,10.0,32
933,c12_p1_g1,11.0,33
934,c12_p1_g1,11.0,34
935,c12_p1_g1,12.0,35
936,c12_p1_g1,13.0,36
937,c12_p1_g1,13.0,37
938,c12_p1_g1,13.0,38
939,c12_p1_g1,14.0,39
940,c12_p1_g1,14.0,40
941,c12_p1_g1,14.0,41
942,c12_p1_g1,14.0,42
943,c12_p1_g1,14.0,43
944,c12_p1_g1,15.0,44
945,c12_p1_g1,16.0,45
946,c12_p1_g1,16.0,46
947,c12_p1_g1,17.0,47
948,c12_p1_g1,17.0,48
949,c12_p1_g1,17.0,49
950,c12_p1_g1,17.0,50
951,c12_p1_g1,17.0,51
952,c12_p1_g1,17.0,52
953,c12_p1_g1,18.0,53
954,c12_p1_g1,18.0,54
955,c12_p1_g1,19.0,55
956,c12_p1_g1,19.0,56
957,c12_p1_g1,20.0,57
958,c12_p1_g1,20.0,58
959,c12_p1_g1,21.0,59
960,c12_p1_g1,21.0,60
961,c12_p1_g1,22.0,61
962,c12_p1_g1,22.0,62
963,c12_p1_g1,22.0,63
964,c12_p1_g1,22.0,64
965,c12_p1_g1,23.0,65
966,c12_p1_g1,24.0,66
967,c12_p1_g1,24.0,67
968,c12_p1_g1,24.0,68
969,c12_p1_g1,24.0,69
970,c12_p1_g1,24.0,70
971,c12_p1_g1,24.0,71
972,c12_p1_g1,24.0,72
973,c12_p1_g1,24.0,73
974,c12_p1_g1,25.0,74
975,c12_p1_g1,25.0,75
976,c12_p1_g1,25.0,76
977,c12_p1_g1,26.0,77
978,c12_p1_g1,27.0,78
979,c12_p1_g1,27.0,79
980,c12_p1_g1,27.0,80
981,c12_p1_g1,27.0,81
982,c12_p1_g1,27.0,82
983,c12_p1_g1,28.0,83
984,c12_p1_g1,28.0,84
985,c12_p1_g1,29.0,85
986,c12_p1_g1,30.0,86
987,c12_p1_g1,30.0,87
988,c12_p1_g1,30.0,88
989,c12_p1_g1,30.0,89
990,c12_p1_g1,30.0,90
991,c12_p1_g1,30.0,91
992,c12_p1_g1,30.0,92
993,c12_p1_g1,30.0,93
994,c12_p1_g1,31.0,94
995,c12_p1_g1,32.0,95
996,c12_p1_g1,32.0,96
997,c12_p1_g1,33.0,97
998,c12_p1_g1,33.0,98
999,c12_p1_g1,33.0,99
1000,c13_p1_g1,0.0,0
1001,c13_p1_g1,0.0,1
1002,c13_p1_g1,1.0,2
1003,c13_p1_g1,1.0,3
1004,c13_p1_g1,1.0,4
1005,c13_p1_g1,2.0,5
1006,c13_p1_g1,2.0,6
1007,c13_p1_g1,2.0,7
1008,c13_p1_g1,2.0,8
1009,c13_p1_g1,2.0,9
1010,c13_p1_g1,2.0,10
1011,c13_p1_g1,2.0,11
1012,c13_p1_g1,3.0,12
1013,c13_p1_g1,3.0,13
1014,c13_p1_g1,3.0,14
1015,c13_p1_g1,4.0,15
1016,c13_p1_g1,4.0,16
1017,c13_p1_g1,4.0,17
1018,c13_p1_g1,5.0,18
1019,c13_p1_g1,5.0,19
1020,c13_p1_g1,6.0,20
1021,c13_p1_g1,6.0,21
1022,c13_p1_g1,7.0,22
1023,c13_p1_g1,7.0,23
1024,c13_p1_g1,7.0,24
1025,c13_p1_g1,8.0,25
1026,c13_p1_g1,8.0,26
1027,c13_p1_g1,8.0,27
1028,c13_p1_g1,9.0,28
1029,c13_p1_g1,9.0,29
1030,c13_p1_g1,9.0,30
1031,c13_p1_g1,10.0,31
1032,c13_p1_g1,10.0,32
1033,c13_p1_g1,10.0,33
1034,c13_p1_g1,11.0,34
1035,c13_p1_g1,11.0,35
1036,c13_p1_g1,11.0,36
1037,c13_p1_g1,11.0,37
1038,c13_p1_g1,11.0,38
1039,c13_p1_g1,11.0,39
1040,c13_p1_g1,12.0,40
1041,c13_p1_g1,12.0,41
1042,c13_p1_g1,12.0,42
1043,c13_p1_g1,13.0,43
1044,c13_p1_g1,13.0,44
1045,c13_p1_g1,13.0,45
1046,c13_p1_g1,14.0,46
1047,c13_p1_g1,14.0,47
1048,c13_p1_g1,14.0,48
1049,c13_p1_g1,15.0,49
1050,c13_p1_g1,16.0,50
1051,c13_p1_g1,16.0,51
1052,c13_p1_g1,16.0,52
1053,c13_p1_g1,17.0,53
1054,c13_p1_g1,17.0,54
1055,c13_p1_g1,17.0,55
1056,c13_p1_g1,18.0,56
1057,c13_p1_g1,18.0,57
1058,c13_p1_g1,18.0,58
1059,c13_p1_g1,19.0,59
1060,c13_p1_g1,19.0,60
1061,c13_p1_g1,19.0,61
1062,c13_p1_g1,19.0,62
1063,c13_p1_g1,19.0,63
1064,c13_p1_g1,19.0,64
1065,c13_p1_g1,19.0,65
1066,c13_p1_g1,19.0,66
1067,c13_p1_g1,19.0,67
1068,c13_p1_g1,19.0,68
1069,c13_p1_g1,19.0,69
1070,c13_p1_g1,19.0,70
1071,c13_p1_g1,19.0,71
1072,c13_p1_g1,19.0,72
1073,c13_p1_g1,20.0,73
1074,c13_p1_g1,20.0,74
1075,c13_p1_g1,20.0,75
1076,c13_p1_g1,21.0,76
1077,c13_p1_g1,21.0,77
1078,c13_p1_g1,21.0,78
1079,c13_p1_g1,21.0,79
1080,c13_p1_g1,21.0,80
1081,c13_p1_g1,22.0,81
1082,c13_p1_g1,22.0,82
1083,c13_p1_g1,23.0,83
1084,c13_p1_g1,24.0,84
1085,c13_p1_g1,24.0,85
1086,c13_p1_g1,24.0,86
1087,c13_p1_g1,24.0,87
1088,c13_p1_g1,24.0,88
1089,c13_p1_g1,24.0,89
1090,c13_p1_g1,24.0,90
1091,c13_p1_g1,24.0,91
1092,c13_p1_g1,24.0,92
1093,c13_p1_g1,24.0,93
1094,c13_p1_g1,24.0,94
1095,c13_p1_g1,24.0,95
1096,c13_p1_g1,24.0,96
1097,c13_p1_g1,24.0,97
1098,c13_p1_g1,24.0,98
1099,c13_p1_g1,24.0,99
1100,c14_p1_g1,0.0,0
1101,c14_p1_g1,0.0,1
1102,c14_p1_g1,1.0,2
1103,c14_p1_g1,1.0,3
1104,c14_p1_g1,1.0,4
1105,c14_p1_g1,1.0,5
1106,c14_p1_g1,1.0,6
1107,c14_p1_g1,2.0,7
1108,c14_p1_g1,3.0,8
1109,c14_p1_g1,3.0,9
1110,c14_p1_g1,4.0,10
1111,c14_p1_g1,5.0,11
1112,c14_p1_g1,5.0,12
1113,c14_p1_g1,5.0,13
1114,c14_p1_g1,5.0,14
1115,c14_p1_g1,5.0,15
1116,c14_p1_g1,5.0,16
1117,c14_p1_g1,5.0,17
1118,c14_p1_g1,6.0,18
1119,c14_p1_g1,7.0,19
1120,c14_p1_g1,7.0,20
1121,c14_p1_g1,7.0,21
1122,c14_p1_g1,7.0,22
1123,c14_p1_g1,7.0,23
1124,c14_p1_g1,7.0,24
1125,c14_p1_g1,7.0,25
1126,c14_p1_g1,7.0,26
1127,c14_p1_g1,8.0,27
1128,c14_p1_g1,9.0,28
1129,c14_p1_g1,9.0,29
1130,c14_p1_g1,9.0,30
1131,c14_p1_g1,10.0,31
1132,c14_p1_g1,11.0,32
1133,c14_p1_g1,11.0,33
1134,c14_p1_g1,11.0,34
1135,c14_p1_g1,11.0,35
1136,c14_p1_g1,11.0,36
1137,c14_p1_g1,11.0,37
1138,c14_p1_g1,11.0,38
1139,c14_p1_g1,12.0,39
1140,c14_p1_g1,13.0,40
1141,c14_p1_g1,13.0,41
1142,c14_p1_g1,13.0,42
1143,c14_p1_g1,13.0,43
1144,c14_p1_g1,13.0,44
1145,c14_p1_g1,13.0,45
1146,c14_p1_g1,13.0,46
1147,c14_p1_g1,13.0,47
1148,c14_p1_g1,13.0,48
1149,c14_p1_g1,13.0,49
1150,c14_p1_g1,13.0,50
1151,c14_p1_g1,13.0,51
1152,c14_p1_g1,14.0,52
1153,c14_p1_g1,15.0,53
1154,c14_p1_g1,15.0,54
1155,c14_p1_g1,15.0,55
1156,c14_p1_g1,15.0,56
1157,c14_p1_g1,15.0,57
1158,c14_p1_g1,15.0,58
1159,c14_p1_g1,15.0,59
1160,c14_p1_g1,15.0,60
1161,c14_p1_g1,15.0,61
1162,c14_p1_g1,15.0,62
1163,c14_p1_g1,15.0,63
1164,c14_p1_g1,15.0,64
1165,c14_p1_g1,15.0,65
1166,c14_p1_g1,15.0,66
1167,c14_p1_g1,15.0,67
1168,c14_p1_g1,15.0,68
1169,c14_p1_g1,16.0,69
1170,c14_p1_g1,16.0,70
1171,c14_p1_g1,16.0,71
1172,c14_p1_g1,17.0,72
1173,c14_p1_g1,18.0,73
1174,c14_p1_g1,18.0,74
1175,c14_p1_g1,18.0,75
1176,c14_p1_g1,18.0,76
1177,c14_p1_g1,18.0,77
1178,c14_p1_g1,18.0,78
1179,c14_p1_g1,18.0,79
1180,c14_p1_g1,18.0,80
1181,c14_p1_g1,18.0,81
1182,c14_p1_g1,18.0,82
1183,c14_p1_g1,18.0,83
1184,c14_p1_g1,18.0,84
1185,c14_p1_g1,18.0,85
1186,c14_p1_g1,18.0,86
1187,c14_p1_g1,19.0,87
1188,c14_p1_g1,19.0,88
1189,c14_p1_g1,19.0,89
1190,c14_p1_g1,19.0,90
1191,c14_p1_g1,19.0,91
1192,c14_p1_g1,19.0,92
1193,c14_p1_g1,19.0,93
1194,c14_p1_g1,19.0,94
1195,c14_p1_g1,19.0,95
1196,c14_p1_g1,19.0,96
1197,c14_p1_g1,19.0,97
1198,c14_p1_g1,20.0,98
1199,c14_p1_g1,20.0,99
1200,c15_p1_g1,0.0,0
1201,c15_p1_g1,0.0,1
1202,c15_p1_g1,0.0,2
1203,c15_p1_g1,0.0,3
1204,c15_p1_g1,0.0,4
1205,c15_p1_g1,1.0,5
1206,c15_p1_g1,1.0,6
1207,c15_p1_g1,2.0,7
1208,c15_p1_g1,2.0,8
1209,c15_p1_g1,3.0,9
1210,c15_p1_g1,3.0,10
1211,c15_p1_g1,4.0,11
1212,c15_p1_g1,4.0,12
1213,c15_p1_g1,4.0,13
1214,c15_p1_g1,5.0,14
1215,c15_p1_g1,5.0,15
1216,c15_p1_g1,5.0,16
1217,c15_p1_g1,6.0,17
1218,c15_p1_g1,6.0,18
1219,c15_p1_g1,7.0,19
1220,c15_p1_g1,7.0,20
1221,c15_p1_g1,8.0,21
1222,c15_p1_g1,8.0,22
1223,c15_p1_g1,8.0,23
1224,c15_p1_g1,9.0,24
1225,c15_p1_g1,9.0,25
1226,c15_p1_g1,10.0,26
1227,c15_p1_g1,11.0,27
1228,c15_p1_g1,11.0,28
1229,c15_p1_g1,12.0,29
1230,c15_p1_g1,12.0,30
1231,c15_p1_g1,12.0,31
1232,c15_p1_g1,12.0,32
1233,c15_p1_g1,13.0,33
1234,c15_p1_g1,13.0,34
1235,c15_p1_g1,14.0,35
1236,c15_p1_g1,14.0,36
1237,c15_p1_g1,14.0,37
1238,c15_p1_g1,15.0,38
1239,c15_p1_g1,15.0,39
1240,c15_p1_g1,15.0,40
1241,c15_p1_g1,16.0,41
1242,c15_p1_g1,16.0,42
1243,c15_p1_g1,17.0,43
1244,c15_p1_g1,17.0,44
1245,c15_p1_g1,17.0,45
1246,c15_p1_g1,17.0,46
1247,c15_p1_g1,18.0,47
1248,c15_p1_g1,18.0,48
1249,c15_p1_g1,19.0,49
1250,c15_p1_g1,20.0,50
1251,c15_p1_g1,20.0,51
1252,c15_p1_g1,21.0,52
1253,c15_p1_g1,21.0,53
1254,c15_p1_g1,21.0,54
1255,c15_p1_g1,22.0,55
1256,c15_p1_g1,22.0,56
1257,c15_p1_g1,23.0,57
1258,c15_p1_g1,24.0,58
1259,c15_p1_g1,24.0,59
1260,c15_p1_g1,24.0,60
1261,c15_p1_g1,24.0,61
1262,c15_p1_g1,25.0,62
1263,c15_p1_g1,25.0,63
1264,c15_p1_g1,26.0,64
1265,c15_p1_g1,26.0,65
1266,c15_p1_g1,26.0,66
1267,c15_p1_g1,27.0,67
1268,c15_p1_g1,27.0,68
1269,c15_p1_g1,28.0,69
1270,c15_p1_g1,28.0,70
1271,c15_p1_g1,28.0,71
1272,c15_p1_g1,28.0,72
1273,c15_p1_g1,28.0,73
1274,c15_p1_g1,29.0,74
1275,c15_p1_g1,29.0,75
1276,c15_p1_g1,30.0,76
1277,c15_p1_g1,31.0,77
1278,c15_p1_g1,31.0,78
1279,c15_p1_g1,32.0,79
1280,c15_p1_g1,32.0,80
1281,c15_p1_g1,32.0,81
1282,c15_p1_g1,32.0,82
1283,c15_p1_g1,32.0,83
1284,c15_p1_g1,32.0,84
1285,c15_p1_g1,32.0,85
1286,c15_p1_g1,32.0,86
1287,c15_p1_g1,33.0,87
1288,c15_p1_g1,33.0,88
1289,c15_p1_g1,33.0,89
1290,c15_p1_g1,33.0,90
1291,c15_p1_g1,33.0,91
1292,c15_p1_g1,34.0,92
1293,c15_p1_g1,34.0,93
1294,c15_p1_g1,34.0,94
1295,c15_p1_g1,35.0,95
1296,c15_p1_g1,35.0,96
1297,c15_p1_g1,35.0,97
1298,c15_p1_g1,36.0,98
1299,c15_p1_g1,36.0,99
1300,c16_p1_g1,0.0,0
1301,c16_p1_g1,0.0,1
1302,c16_p1_g1,1.0,2
1303,c16_p1_g1,1.0,3
1304,c16_p1_g1,1.0,4
1305,c16_p1_g1,1.0,5
1306,c16_p1_g1,1.0,6
1307,c16_p1_g1,2.0,7
1308,c16_p1_g1,2.0,8
1309,c16_p1_g1,2.0,9
1310,c16_p1_g1,3.0,10
1311,c16_p1_g1,3.0,11
1312,c16_p1_g1,3.0,12
1313,c16_p1_g1,3.0,13
1314,c16_p1_g1,4.0,14
1315,c16_p1_g1,5.0,15
1316,c16_p1_g1,5.0,16
1317,c16_p1_g1,5.0,17
1318,c16_p1_g1,5.0,18
1319,c16_p1_g1,6.0,19
1320,c16_p1_g1,6.0,20
1321,c16_p1_g1,6.0,21
1322,c16_p1_g1,6.0,22
1323,c16_p1_g1,6.0,23
1324,c16_p1_g1,7.0,24
1325,c16_p1_g1,8.0,25
1326,c16_p1_g1,9.0,26
1327,c16_p1_g1,10.0,27
1328,c16_p1_g1,10.0,28
1329,c16_p1_g1,10.0,29
1330,c16_p1_g1,10.0,30
1331,c16_p1_g1,10.0,31
1332,c16_p1_g1,10.0,32
1333,c16_p1_g1,10.0,33
1334,c16_p1_g1,11.0,34
1335,c16_p1_g1,11.0,35
1336,c16_p1_g1,11.0,36
1337,c16_p1_g1,12.0,37
1338,c16_p1_g1,12.0,38
1339,c16_p1_g1,12.0,39
1340,c16_p1_g1,12.0,40
1341,c16_p1_g1,13.0,41
1342,c16_p1_g1,13.0,42
1343,c16_p1_g1,13.0,43
1344,c16_p1_g1,13.0,44
1345,c16_p1_g1,13.0,45
1346,c16_p1_g1,13.0,46
1347,c16_p1_g1,14.0,47
1348,c16_p1_g1,14.0,48
1349,c16_p1_g1,14.0,49
1350,c16_p1_g1,14.0,50
1351,c16_p1_g1,14.0,51
1352,c16_p1_g1,14.0,52
1353,c16_p1_g1,14.0,53
1354,c16_p1_g1,14.0,54
1355,c16_p1_g1,15.0,55
1356,c16_p1_g1,15.0,56
1357,c16_p1_g1,15.0,57
1358,c16_p1_g1,15.0,58
1359,c16_p1_g1,15.0,59
1360,c16_p1_g1,15.0,60
1361,c16_p1_g1,15.0,61
1362,c16_p1_g1,15.0,62
1363,c16_p1_g1,15.0,63
1364,c16_p1_g1,15.0,64
1365,c16_p1_g1,15.0,65
1366,c16_p1_g1,15.0,66
1367,c16_p1_g1,15.0,67
1368,c16_p1_g1,15.0,68
1369,c16_p1_g1,15.0,69
1370,c16_p1_g1,15.0,70
1371,c16_p1_g1,15.0,71
1372,c16_p1_g1,15.0,72
1373,c16_p1_g1,15.0,73
1374,c16_p1_g1,15.0,74
1375,c16_p1_g1,15.0,75
1376,c16_p1_g1,15.0,76
1377,c16_p1_g1,15.0,77
1378,c16_p1_g1,15.0,78
1379,c16_p1_g1,15.0,79
1380,c16_p1_g1,15.0,80
1381,c16_p1_g1,15.0,81
1382,c16_p1_g1,15.0,82
1383,c16_p1_g1,15.0,83
1384,c16_p1_g1,15.0,84
1385,c16_p1_g1,15.0,85
1386,c16_p1_g1,15.0,86
1387,c16_p1_g1,15.0,87
1388,c16_p1_g1,15.0,88
1389,c16_p1_g1,15.0,89
1390,c16_p1_g1,15.0,90
1391,c16_p1_g1,15.0,91
1392,c16_p1_g1,15.0,92
1393,c16_p1_g1,15.0,93
1394,c16_p1_g1,15.0,94
1395,c16_p1_g1,15.0,95
1396,c16_p1_g1,15.0,96
1397,c16_p1_g1,15.0,97
1398,c16_p1_g1,16.0,98
1399,c16_p1_g1,17.0,99
1400,c17_p1_g1,0.0,0
1401,c17_p1_g1,1.0,1
1402,c17_p1_g1,2.0,2
1403,c17_p1_g1,2.0,3
1404,c17_p1_g1,2.0,4
1405,c17_p1_g1,3.0,5
1406,c17_p1_g1,3.0,6
1407,c17_p1_g1,3.0,7
1408,c17_p1_g1,3.0,8
1409,c17_p1_g1,3.0,9
1410,c17_p1_g1,3.0,10
1411,c17_p1_g1,3.0,11
1412,c17_p1_g1,3.0,12
1413,c17_p1_g1,3.0,13
1414,c17_p1_g1,3.0,14
1415,c17_p1_g1,3.0,15
1416,c17_p1_g1,3.0,16
1417,c17_p1_g1,3.0,17
1418,c17_p1_g1,3.0,18
1419,c17_p1_g1,3.0,19
1420,c17_p1_g1,3.0,20
1421,c17_p1_g1,3.0,21
1422,c17_p1_g1,3.0,22
1423,c17_p1_g1,3.0,23
1424,c17_p1_g1,3.0,24
1425,c17_p1_g1,3.0,25
1426,c17_p1_g1,3.0,26
1427,c17_p1_g1,3.0,27
1428,c17_p1_g1,3.0,28
1429,c17_p1_g1,3.0,29
1430,c17_p1_g1,3.0,30
1431,c17_p1_g1,3.0,31
1432,c17_p1_g1,3.0,32
1433,c17_p1_g1,4.0,33
1434,c17_p1_g1,5.0,34
1435,c17_p1_g1,6.0,35
1436,c17_p1_g1,6.0,36
1437,c17_p1_g1,6.0,37
1438,c17_p1_g1,6.0,38
1439,c17_p1_g1,6.0,39
1440,c17_p1_g1,6.0,40
1441,c17_p1_g1,6.0,41
1442,c17_p1_g1,6.0,42
1443,c17_p1_g1,6.0,43
1444,c17_p1_g1,6.0,44
1445,c17_p1_g1,6.0,45
1446,c17_p1_g1,6.0,46
1447,c17_p1_g1,6.0,47
1448,c17_p1_g1,6.0,48
1449,c17_p1_g1,6.0,49
1450,c17_p1_g1,6.0,50
1451,c17_p1_g1,6.0,51
1452,c17_p1_g1,6.0,52
1453,c17_p1_g1,6.0,53
1454,c17_p1_g1,6.0,54
1455,c17_p1_g1,6.0,55
1456,c17_p1_g1,6.0,56
1457,c17_p1_g1,6.0,57
1458,c17_p1_g1,6.0,58
1459,c17_p1_g1,6.0,59
1460,c17_p1_g1,7.0,60
1461,c17_p1_g1,7.0,61
1462,c17_p1_g1,7.0,62
1463,c17_p1_g1,7.0,63
1464,c17_p1_g1,7.0,64
1465,c17_p1_g1,7.0,65
1466,c17_p1_g1,7.0,66
1467,c17_p1_g1,7.0,67
1468,c17_p1_g1,7.0,68
1469,c17_p1_g1,7.0,69
1470,c17_p1_g1,7.0,70
1471,c17_p1_g1,7.0,71
1472,c17_p1_g1,7.0,72
1473,c17_p1_g1,8.0,73
1474,c17_p1_g1,8.0,74
1475,c17_p1_g1,8.0,75
1476,c17_p1_g1,8.0,76
1477,c17_p1_g1,8.0,77
1478,c17_p1_g1,8.0,78
1479,c17_p1_g1,8.0,79
1480,c17_p1_g1,8.0,80
1481,c17_p1_g1,8.0,81
1482,c17_p1_g1,8.0,82
1483,c17_p1_g1,8.0,83
1484,c17_p1_g1,8.0,84
1485,c17_p1_g1,8.0,85
1486,c17_p1_g1,8.0,86
1487,c17_p1_g1,8.0,87
1488,c17_p1_g1,8.0,88
1489,c17_p1_g1,8.0,89
1490,c17_p1_g1,8.0,90
1491,c17_p1_g1,8.0,91
1492,c17_p1_g1,8.0,92
1493,c17_p1_g1,8.0,93
1494,c17_p1_g1,8.0,94
1495,c17_p1_g1,8.0,95
1496,c17_p1_g1,8.0,96
1497,c17_p1_g1,8.0,97
1498,c17_p1_g1,8.0,98
1499,c17_p1_g1,8.0,99
1500,c18_p1_g1,0.0,0
1501,c18_p1_g1,0.0,1
1502,c18_p1_g1,0.0,2
1503,c18_p1_g1,0.0,3
1504,c18_p1_g1,0.0,4
1505,c18_p1_g1,0.0,5
1506,c18_p1_g1,0.0,6
1507,c18_p1_g1,0.0,7
1508,c18_p1_g1,0.0,8
1509,c18_p1_g1,0.0,9
1510,c18_p1_g1,0.0,10
1511,c18_p1_g1,0.0,11
1512,c18_p1_g1,1.0,12
1513,c18_p1_g1,1.0,13
1514,c18_p1_g1,1.0,14
1515,c18_p1_g1,1.0,15
1516,c18_p1_g1,1.0,16
1517,c18_p1_g1,2.0,17
1518,c18_p1_g1,2.0,18
1519,c18_p1_g1,2.0,19
1520,c18_p1_g1,2.0,20
1521,c18_p1_g1,2.0,21
1522,c18_p1_g1,2.0,22
1523,c18_p1_g1,2.0,23
1524,c18_p1_g1,2.0,24
1525,c18_p1_g1,2.0,25
1526,c18_p1_g1,3.0,26
1527,c18_p1_g1,3.0,27
1528,c18_p1_g1,3.0,28
1529,c18_p1_g1,3.0,29
1530,c18_p1_g1,3.0,30
1531,c18_p1_g1,3.0,31
1532,c18_p1_g1,3.0,32
1533,c18_p1_g1,3.0,33
1534,c18_p1_g1,3.0,34
1535,c18_p1_g1,3.0,35
1536,c18_p1_g1,3.0,36
1537,c18_p1_g1,3.0,37
1538,c18_p1_g1,3.0,38
1539,c18_p1_g1,3.0,39
1540,c18_p1_g1,3.0,40
1541,c18_p1_g1,3.0,41
1542,c18_p1_g1,3.0,42
1543,c18_p1_g1,3.0,43
1544,c18_p1_g1,3.0,44
1545,c18_p1_g1,4.0,45
1546,c18_p1_g1,5.0,46
1547,c18_p1_g1,5.0,47
1548,c18_p1_g1,5.0,48
1549,c18_p1_g1,5.0,49
1550,c18_p1_g1,5.0,50
1551,c18_p1_g1,5.0,51
1552,c18_p1_g1,5.0,52
1553,c18_p1_g1,5.0,53
1554,c18_p1_g1,5.0,54
1555,c18_p1_g1,5.0,55
1556,c18_p1_g1,5.0,56
1557,c18_p1_g1,5.0,57
1558,c18_p1_g1,5.0,58
1559,c18_p1_g1,5.0,59
1560,c18_p1_g1,5.0,60
1561,c18_p1_g1,6.0,61
1562,c18_p1_g1,6.0,62
1563,c18_p1_g1,6.0,63
1564,c18_p1_g1,6.0,64
1565,c18_p1_g1,6.0,65
1566,c18_p1_g1,6.0,66
1567,c18_p1_g1,6.0,67
1568,c18_p1_g1,6.0,68
1569,c18_p1_g1,7.0,69
1570,c18_p1_g1,7.0,70
1571,c18_p1_g1,7.0,71
1572,c18_p1_g1,7.0,72
1573,c18_p1_g1,7.0,73
1574,c18_p1_g1,7.0,74
1575,c18_p1_g1,7.0,75
1576,c18_p1_g1,7.0,76
1577,c18_p1_g1,7.0,77
1578,c18_p1_g1,7.0,78
1579,c18_p1_g1,8.0,79
1580,c18_p1_g1,8.0,80
1581,c18_p1_g1,9.0,81
1582,c18_p1_g1,9.0,82
1583,c18_p1_g1,9.0,83
1584,c18_p1_g1,9.0,84
1585,c18_p1_g1,9.0,85
1586,c18_p1_g1,10.0,86
1587,c18_p1_g1,11.0,87
1588,c18_p1_g1,11.0,88
1589,c18_p1_g1,11.0,89
1590,c18_p1_g1,11.0,90
1591,c18_p1_g1,11.0,91
1592,c18_p1_g1,12.0,92
1593,c18_p1_g1,12.0,93
1594,c18_p1_g1,13.0,94
1595,c18_p1_g1,13.0,95
1596,c18_p1_g1,13.0,96
1597,c18_p1_g1,13.0,97
1598,c18_p1_g1,13.0,98
1599,c18_p1_g1,13.0,99
1600,s01_p1_g1,0.0,0
1601,s01_p1_g1,1.0,1
1602,s01_p1_g1,1.0,2
1603,s01_p1_g1,2.0,3
1604,s01_p1_g1,2.0,4
1605,s01_p1_g1,2.0,5
1606,s01_p1_g1,2.0,6
1607,s01_p1_g1,2.0,7
1608,s01_p1_g1,3.0,8
1609,s01_p1_g1,4.0,9
1610,s01_p1_g1,5.0,10
1611,s01_p1_g1,5.0,11
1612,s01_p1_g1,5.0,12
1613,s01_p1_g1,5.0,13
1614,s01_p1_g1,5.0,14
1615,s01_p1_g1,5.0,15
1616,s01_p1_g1,5.0,16
1617,s01_p1_g1,6.0,17
1618,s01_p1_g1,7.0,18
1619,s01_p1_g1,7.0,19
1620,s01_p1_g1,7.0,20
1621,s01_p1_g1,7.0,21
1622,s01_p1_g1,7.0,22
1623,s01_p1_g1,7.0,23
1624,s01_p1_g1,7.0,24
1625,s01_p1_g1,8.0,25
1626,s01_p1_g1,9.0,26
1627,s01_p1_g1,10.0,27
1628,s01_p1_g1,10.0,28
1629,s01_p1_g1,10.0,29
1630,s01_p1_g1,10.0,30
1631,s01_p1_g1,11.0,31
1632,s01_p1_g1,12.0,32
1633,s01_p1_g1,13.0,33
1634,s01_p1_g1,13.0,34
1635,s01_p1_g1,13.0,35
1636,s01_p1_g1,13.0,36
1637,s01_p1_g1,14.0,37
1638,s01_p1_g1,15.0,38
1639,s01_p1_g1,16.0,39
1640,s01_p1_g1,17.0,40
1641,s01_p1_g1,17.0,41
1642,s01_p1_g1,17.0,42
1643,s01_p1_g1,17.0,43
1644,s01_p1_g1,18.0,44
1645,s01_p1_g1,19.0,45
1646,s01_p1_g1,19.0,46
1647,s01_p1_g1,19.0,47
1648,s01_p1_g1,19.0,48
1649,s01_p1_g1,19.0,49
1650,s01_p1_g1,19.0,50
1651,s01_p1_g1,19.0,51
1652,s01_p1_g1,19.0,52
1653,s01_p1_g1,19.0,53
1654,s01_p1_g1,19.0,54
1655,s01_p1_g1,20.0,55
1656,s01_p1_g1,21.0,56
1657,s01_p1_g1,22.0,57
1658,s01_p1_g1,22.0,58
1659,s01_p1_g1,22.0,59
1660,s01_p1_g1,23.0,60
1661,s01_p1_g1,23.0,61
1662,s01_p1_g1,23.0,62
1663,s01_p1_g1,23.0,63
1664,s01_p1_g1,23.0,64
1665,s01_p1_g1,23.0,65
1666,s01_p1_g1,23.0,66
1667,s01_p1_g1,24.0,67
1668,s01_p1_g1,25.0,68
1669,s01_p1_g1,26.0,69
1670,s01_p1_g1,26.0,70
1671,s01_p1_g1,26.0,71
1672,s01_p1_g1,27.0,72
1673,s01_p1_g1,28.0,73
1674,s01_p1_g1,29.0,74
1675,s01_p1_g1,30.0,75
1676,s01_p1_g1,30.0,76
1677,s01_p1_g1,30.0,77
1678,s01_p1_g1,30.0,78
1679,s01_p1_g1,30.0,79
1680,s01_p1_g1,31.0,80
1681,s01_p1_g1,31.0,81
1682,s01_p1_g1,31.0,82
1683,s01_p1_g1,31.0,83
1684,s01_p1_g1,32.0,84
1685,s01_p1_g1,33.0,85
1686,s01_p1_g1,33.0,86
1687,s01_p1_g1,33.0,87
1688,s01_p1_g1,34.0,88
1689,s01_p1_g1,35.0,89
1690,s01_p1_g1,36.0,90
1691,s01_p1_g1,36.0,91
1692,s01_p1_g1,37.0,92
1693,s01_p1_g1,37.0,93
1694,s01_p1_g1,37.0,94
1695,s01_p1_g1,37.0,95
1696,s01_p1_g1,37.0,96
1697,s01_p1_g1,38.0,97
1698,s01_p1_g1,38.0,98
1699,s01_p1_g1,38.0,99
1700,s03_p1_g1,0.0,0
1701,s03_p1_g1,1.0,1
1702,s03_p1_g1,1.0,2
1703,s03_p1_g1,1.0,3
1704,s03_p1_g1,1.0,4
1705,s03_p1_g1,2.0,5
1706,s03_p1_g1,2.0,6
1707,s03_p1_g1,2.0,7
1708,s03_p1_g1,3.0,8
1709,s03_p1_g1,3.0,9
1710,s03_p1_g1,3.0,10
1711,s03_p1_g1,4.0,11
1712,s03_p1_g1,4.0,12
1713,s03_p1_g1,5.0,13
1714,s03_p1_g1,5.0,14
1715,s03_p1_g1,5.0,15
1716,s03_p1_g1,6.0,16
1717,s03_p1_g1,6.0,17
1718,s03_p1_g1,6.0,18
1719,s03_p1_g1,7.0,19
1720,s03_p1_g1,7.0,20
1721,s03_p1_g1,8.0,21
1722,s03_p1_g1,8.0,22
1723,s03_p1_g1,8.0,23
1724,s03_p1_g1,9.0,24
1725,s03_p1_g1,9.0,25
1726,s03_p1_g1,9.0,26
1727,s03_p1_g1,9.0,27
1728,s03_p1_g1,10.0,28
1729,s03_p1_g1,10.0,29
1730,s03_p1_g1,10.0,30
1731,s03_p1_g1,10.0,31
1732,s03_p1_g1,11.0,32
1733,s03_p1_g1,11.0,33
1734,s03_p1_g1,11.0,34
1735,s03_p1_g1,11.0,35
1736,s03_p1_g1,11.0,36
1737,s03_p1_g1,11.0,37
1738,s03_p1_g1,11.0,38
1739,s03_p1_g1,11.0,39
1740,s03_p1_g1,12.0,40
1741,s03_p1_g1,12.0,41
1742,s03_p1_g1,12.0,42
1743,s03_p1_g1,13.0,43
1744,s03_p1_g1,13.0,44
1745,s03_p1_g1,13.0,45
1746,s03_p1_g1,13.0,46
1747,s03_p1_g1,13.0,47
1748,s03_p1_g1,13.0,48
1749,s03_p1_g1,13.0,49
1750,s03_p1_g1,14.0,50
1751,s03_p1_g1,15.0,51
1752,s03_p1_g1,15.0,52
1753,s03_p1_g1,15.0,53
1754,s03_p1_g1,15.0,54
1755,s03_p1_g1,15.0,55
1756,s03_p1_g1,16.0,56
1757,s03_p1_g1,16.0,57
1758,s03_p1_g1,16.0,58
1759,s03_p1_g1,16.0,59
1760,s03_p1_g1,16.0,60
1761,s03_p1_g1,16.0,61
1762,s03_p1_g1,17.0,62
1763,s03_p1_g1,17.0,63
1764,s03_p1_g1,17.0,64
1765,s03_p1_g1,17.0,65
1766,s03_p1_g1,17.0,66
1767,s03_p1_g1,17.0,67
1768,s03_p1_g1,18.0,68
1769,s03_p1_g1,19.0,69
1770,s03_p1_g1,20.0,70
1771,s03_p1_g1,20.0,71
1772,s03_p1_g1,20.0,72
1773,s03_p1_g1,21.0,73
1774,s03_p1_g1,22.0,74
1775,s03_p1_g1,22.0,75
1776,s03_p1_g1,22.0,76
1777,s03_p1_g1,23.0,77
1778,s03_p1_g1,23.0,78
1779,s03_p1_g1,23.0,79
1780,s03_p1_g1,23.0,80
1781,s03_p1_g1,23.0,81
1782,s03_p1_g1,24.0,82
1783,s03_p1_g1,24.0,83
1784,s03_p1_g1,25.0,84
1785,s03_p1_g1,25.0,85
1786,s03_p1_g1,25.0,86
1787,s03_p1_g1,25.0,87
1788,s03_p1_g1,26.0,88
1789,s03_p1_g1,26.0,89
1790,s03_p1_g1,26.0,90
1791,s03_p1_g1,26.0,91
1792,s03_p1_g1,27.0,92
1793,s03_p1_g1,27.0,93
1794,s03_p1_g1,27.0,94
1795,s03_p1_g1,27.0,95
1796,s03_p1_g1,27.0,96
1797,s03_p1_g1,27.0,97
1798,s03_p1_g1,28.0,98
1799,s03_p1_g1,28.0,99
1800,s05_p1_g1,0.0,0
1801,s05_p1_g1,1.0,1
1802,s05_p1_g1,1.0,2
1803,s05_p1_g1,1.0,3
1804,s05_p1_g1,1.0,4
1805,s05_p1_g1,1.0,5
1806,s05_p1_g1,1.0,6
1807,s05_p1_g1,1.0,7
1808,s05_p1_g1,1.0,8
1809,s05_p1_g1,1.0,9
1810,s05_p1_g1,1.0,10
1811,s05_p1_g1,1.0,11
1812,s05_p1_g1,1.0,12
1813,s05_p1_g1,1.0,13
1814,s05_p1_g1,1.0,14
1815,s05_p1_g1,1.0,15
1816,s05_p1_g1,1.0,16
1817,s05_p1_g1,1.0,17
1818,s05_p1_g1,1.0,18
1819,s05_p1_g1,1.0,19
1820,s05_p1_g1,1.0,20
1821,s05_p1_g1,1.0,21
1822,s05_p1_g1,1.0,22
1823,s05_p1_g1,1.0,23
1824,s05_p1_g1,1.0,24
1825,s05_p1_g1,1.0,25
1826,s05_p1_g1,1.0,26
1827,s05_p1_g1,1.0,27
1828,s05_p1_g1,1.0,28
1829,s05_p1_g1,1.0,29
1830,s05_p1_g1,1.0,30
1831,s05_p1_g1,1.0,31
1832,s05_p1_g1,1.0,32
1833,s05_p1_g1,1.0,33
1834,s05_p1_g1,1.0,34
1835,s05_p1_g1,1.0,35
1836,s05_p1_g1,1.0,36
1837,s05_p1_g1,1.0,37
1838,s05_p1_g1,1.0,38
1839,s05_p1_g1,1.0,39
1840,s05_p1_g1,1.0,40
1841,s05_p1_g1,1.0,41
1842,s05_p1_g1,1.0,42
1843,s05_p1_g1,1.0,43
1844,s05_p1_g1,1.0,44
1845,s05_p1_g1,1.0,45
1846,s05_p1_g1,1.0,46
1847,s05_p1_g1,1.0,47
1848,s05_p1_g1,1.0,48
1849,s05_p1_g1,1.0,49
1850,s05_p1_g1,1.0,50
1851,s05_p1_g1,1.0,51
1852,s05_p1_g1,1.0,52
1853,s05_p1_g1,1.0,53
1854,s05_p1_g1,1.0,54
1855,s05_p1_g1,1.0,55
1856,s05_p1_g1,1.0,56
1857,s05_p1_g1,1.0,57
1858,s05_p1_g1,1.0,58
1859,s05_p1_g1,1.0,59
1860,s05_p1_g1,1.0,60
1861,s05_p1_g1,1.0,61
1862,s05_p1_g1,1.0,62
1863,s05_p1_g1,1.0,63
1864,s05_p1_g1,1.0,64
1865,s05_p1_g1,1.0,65
1866,s05_p1_g1,1.0,66
1867,s05_p1_g1,1.0,67
1868,s05_p1_g1,1.0,68
1869,s05_p1_g1,1.0,69
1870,s05_p1_g1,1.0,70
1871,s05_p1_g1,1.0,71
1872,s05_p1_g1,1.0,72
1873,s05_p1_g1,1.0,73
1874,s05_p1_g1,1.0,74
1875,s05_p1_g1,1.0,75
1876,s05_p1_g1,1.0,76
1877,s05_p1_g1,1.0,77
1878,s05_p1_g1,1.0,78
1879,s05_p1_g1,1.0,79
1880,s05_p1_g1,2.0,80
1881,s05_p1_g1,3.0,81
1882,s05_p1_g1,4.0,82
1883,s05_p1_g1,5.0,83
1884,s05_p1_g1,6.0,84
1885,s05_p1_g1,7.0,85
1886,s05_p1_g1,8.0,86
1887,s05_p1_g1,9.0,87
1888,s05_p1_g1,10.0,88
1889,s05_p1_g1,11.0,89
1890,s05_p1_g1,11.0,90
1891,s05_p1_g1,11.0,91
1892,s05_p1_g1,11.0,92
1893,s05_p1_g1,11.0,93
1894,s05_p1_g1,11.0,94
1895,s05_p1_g1,11.0,95
1896,s05_p1_g1,11.0,96
1897,s05_p1_g1,11.0,97
1898,s05_p1_g1,11.0,98
1899,s05_p1_g1,11.0,99
1900,s06_p1_g1,0.0,0
1901,s06_p1_g1,0.0,1
1902,s06_p1_g1,0.0,2
1903,s06_p1_g1,0.0,3
1904,s06_p1_g1,0.0,4
1905,s06_p1_g1,0.0,5
1906,s06_p1_g1,0.0,6
1907,s06_p1_g1,0.0,7
1908,s06_p1_g1,0.0,8
1909,s06_p1_g1,0.0,9
1910,s06_p1_g1,0.0,10
1911,s06_p1_g1,0.0,11
1912,s06_p1_g1,0.0,12
1913,s06_p1_g1,0.0,13
1914,s06_p1_g1,0.0,14
1915,s06_p1_g1,0.0,15
1916,s06_p1_g1,0.0,16
1917,s06_p1_g1,0.0,17
1918,s06_p1_g1,0.0,18
1919,s06_p1_g1,0.0,19
1920,s06_p1_g1,0.0,20
1921,s06_p1_g1,0.0,21
1922,s06_p1_g1,0.0,22
1923,s06_p1_g1,0.0,23
1924,s06_p1_g1,0.0,24
1925,s06_p1_g1,0.0,25
1926,s06_p1_g1,0.0,26
1927,s06_p1_g1,0.0,27
1928,s06_p1_g1,0.0,28
1929,s06_p1_g1,0.0,29
1930,s06_p1_g1,0.0,30
1931,s06_p1_g1,0.0,31
1932,s06_p1_g1,0.0,32
1933,s06_p1_g1,1.0,33
1934,s06_p1_g1,1.0,34
1935,s06_p1_g1,1.0,35
1936,s06_p1_g1,1.0,36
1937,s06_p1_g1,1.0,37
1938,s06_p1_g1,1.0,38
1939,s06_p1_g1,1.0,39
1940,s06_p1_g1,1.0,40
1941,s06_p1_g1,1.0,41
1942,s06_p1_g1,1.0,42
1943,s06_p1_g1,1.0,43
1944,s06_p1_g1,1.0,44
1945,s06_p1_g1,1.0,45
1946,s06_p1_g1,1.0,46
1947,s06_p1_g1,1.0,47
1948,s06_p1_g1,1.0,48
1949,s06_p1_g1,1.0,49
1950,s06_p1_g1,1.0,50
1951,s06_p1_g1,1.0,51
1952,s06_p1_g1,1.0,52
1953,s06_p1_g1,1.0,53
1954,s06_p1_g1,1.0,54
1955,s06_p1_g1,1.0,55
1956,s06_p1_g1,1.0,56
1957,s06_p1_g1,1.0,57
1958,s06_p1_g1,1.0,58
1959,s06_p1_g1,1.0,59
1960,s06_p1_g1,1.0,60
1961,s06_p1_g1,1.0,61
1962,s06_p1_g1,1.0,62
1963,s06_p1_g1,1.0,63
1964,s06_p1_g1,1.0,64
1965,s06_p1_g1,1.0,65
1966,s06_p1_g1,1.0,66
1967,s06_p1_g1,1.0,67
1968,s06_p1_g1,1.0,68
1969,s06_p1_g1,1.0,69
1970,s06_p1_g1,1.0,70
1971,s06_p1_g1,1.0,71
1972,s06_p1_g1,1.0,72
1973,s06_p1_g1,1.0,73
1974,s06_p1_g1,1.0,74
1975,s06_p1_g1,1.0,75
1976,s06_p1_g1,1.0,76
1977,s06_p1_g1,1.0,77
1978,s06_p1_g1,1.0,78
1979,s06_p1_g1,1.0,79
1980,s06_p1_g1,1.0,80
1981,s06_p1_g1,2.0,81
1982,s06_p1_g1,3.0,82
1983,s06_p1_g1,4.0,83
1984,s06_p1_g1,5.0,84
1985,s06_p1_g1,5.0,85
1986,s06_p1_g1,5.0,86
1987,s06_p1_g1,6.0,87
1988,s06_p1_g1,6.0,88
1989,s06_p1_g1,6.0,89
1990,s06_p1_g1,6.0,90
1991,s06_p1_g1,7.0,91
1992,s06_p1_g1,8.0,92
1993,s06_p1_g1,9.0,93
1994,s06_p1_g1,10.0,94
1995,s06_p1_g1,10.0,95
1996,s06_p1_g1,10.0,96
1997,s06_p1_g1,10.0,97
1998,s06_p1_g1,10.0,98
1999,s06_p1_g1,10.0,99
2000,s07_p1_g1,0.0,0
2001,s07_p1_g1,0.0,1
2002,s07_p1_g1,0.0,2
2003,s07_p1_g1,0.0,3
2004,s07_p1_g1,1.0,4
2005,s07_p1_g1,2.0,5
2006,s07_p1_g1,2.0,6
2007,s07_p1_g1,2.0,7
2008,s07_p1_g1,2.0,8
2009,s07_p1_g1,3.0,9
2010,s07_p1_g1,4.0,10
2011,s07_p1_g1,4.0,11
2012,s07_p1_g1,4.0,12
2013,s07_p1_g1,4.0,13
2014,s07_p1_g1,5.0,14
2015,s07_p1_g1,6.0,15
2016,s07_p1_g1,6.0,16
2017,s07_p1_g1,7.0,17
2018,s07_p1_g1,7.0,18
2019,s07_p1_g1,7.0,19
2020,s07_p1_g1,7.0,20
2021,s07_p1_g1,7.0,21
2022,s07_p1_g1,7.0,22
2023,s07_p1_g1,8.0,23
2024,s07_p1_g1,8.0,24
2025,s07_p1_g1,8.0,25
2026,s07_p1_g1,8.0,26
2027,s07_p1_g1,8.0,27
2028,s07_p1_g1,9.0,28
2029,s07_p1_g1,9.0,29
2030,s07_p1_g1,10.0,30
2031,s07_p1_g1,10.0,31
2032,s07_p1_g1,11.0,32
2033,s07_p1_g1,11.0,33
2034,s07_p1_g1,12.0,34
2035,s07_p1_g1,12.0,35
2036,s07_p1_g1,12.0,36
2037,s07_p1_g1,13.0,37
2038,s07_p1_g1,13.0,38
2039,s07_p1_g1,13.0,39
2040,s07_p1_g1,14.0,40
2041,s07_p1_g1,14.0,41
2042,s07_p1_g1,15.0,42
2043,s07_p1_g1,15.0,43
2044,s07_p1_g1,15.0,44
2045,s07_p1_g1,16.0,45
2046,s07_p1_g1,16.0,46
2047,s07_p1_g1,16.0,47
2048,s07_p1_g1,16.0,48
2049,s07_p1_g1,17.0,49
2050,s07_p1_g1,17.0,50
2051,s07_p1_g1,17.0,51
2052,s07_p1_g1,18.0,52
2053,s07_p1_g1,18.0,53
2054,s07_p1_g1,18.0,54
2055,s07_p1_g1,18.0,55
2056,s07_p1_g1,18.0,56
2057,s07_p1_g1,18.0,57
2058,s07_p1_g1,19.0,58
2059,s07_p1_g1,19.0,59
2060,s07_p1_g1,19.0,60
2061,s07_p1_g1,19.0,61
2062,s07_p1_g1,19.0,62
2063,s07_p1_g1,20.0,63
2064,s07_p1_g1,20.0,64
2065,s07_p1_g1,20.0,65
2066,s07_p1_g1,20.0,66
2067,s07_p1_g1,20.0,67
2068,s07_p1_g1,21.0,68
2069,s07_p1_g1,21.0,69
2070,s07_p1_g1,21.0,70
2071,s07_p1_g1,21.0,71
2072,s07_p1_g1,21.0,72
2073,s07_p1_g1,21.0,73
2074,s07_p1_g1,21.0,74
2075,s07_p1_g1,22.0,75
2076,s07_p1_g1,22.0,76
2077,s07_p1_g1,22.0,77
2078,s07_p1_g1,22.0,78
2079,s07_p1_g1,22.0,79
2080,s07_p1_g1,22.0,80
2081,s07_p1_g1,22.0,81
2082,s07_p1_g1,22.0,82
2083,s07_p1_g1,22.0,83
2084,s07_p1_g1,22.0,84
2085,s07_p1_g1,22.0,85
2086,s07_p1_g1,23.0,86
2087,s07_p1_g1,23.0,87
2088,s07_p1_g1,23.0,88
2089,s07_p1_g1,23.0,89
2090,s07_p1_g1,23.0,90
2091,s07_p1_g1,23.0,91
2092,s07_p1_g1,23.0,92
2093,s07_p1_g1,24.0,93
2094,s07_p1_g1,24.0,94
2095,s07_p1_g1,24.0,95
2096,s07_p1_g1,24.0,96
2097,s07_p1_g1,24.0,97
2098,s07_p1_g1,25.0,98
2099,s07_p1_g1,25.0,99
2100,s08_p1_g1,0.0,0
2101,s08_p1_g1,1.0,1
2102,s08_p1_g1,1.0,2
2103,s08_p1_g1,1.0,3
2104,s08_p1_g1,1.0,4
2105,s08_p1_g1,1.0,5
2106,s08_p1_g1,1.0,6
2107,s08_p1_g1,1.0,7
2108,s08_p1_g1,1.0,8
2109,s08_p1_g1,1.0,9
2110,s08_p1_g1,1.0,10
2111,s08_p1_g1,1.0,11
2112,s08_p1_g1,1.0,12
2113,s08_p1_g1,1.0,13
2114,s08_p1_g1,1.0,14
2115,s08_p1_g1,1.0,15
2116,s08_p1_g1,1.0,16
2117,s08_p1_g1,1.0,17
2118,s08_p1_g1,1.0,18
2119,s08_p1_g1,1.0,19
2120,s08_p1_g1,1.0,20
2121,s08_p1_g1,1.0,21
2122,s08_p1_g1,1.0,22
2123,s08_p1_g1,1.0,23
2124,s08_p1_g1,1.0,24
2125,s08_p1_g1,1.0,25
2126,s08_p1_g1,1.0,26
2127,s08_p1_g1,1.0,27
2128,s08_p1_g1,1.0,28
2129,s08_p1_g1,1.0,29
2130,s08_p1_g1,1.0,30
2131,s08_p1_g1,1.0,31
2132,s08_p1_g1,1.0,32
2133,s08_p1_g1,1.0,33
2134,s08_p1_g1,1.0,34
2135,s08_p1_g1,1.0,35
2136,s08_p1_g1,1.0,36
2137,s08_p1_g1,1.0,37
2138,s08_p1_g1,1.0,38
2139,s08_p1_g1,1.0,39
2140,s08_p1_g1,1.0,40
2141,s08_p1_g1,1.0,41
2142,s08_p1_g1,1.0,42
2143,s08_p1_g1,1.0,43
2144,s08_p1_g1,1.0,44
2145,s08_p1_g1,1.0,45
2146,s08_p1_g1,1.0,46
2147,s08_p1_g1,1.0,47
2148,s08_p1_g1,1.0,48
2149,s08_p1_g1,1.0,49
2150,s08_p1_g1,1.0,50
2151,s08_p1_g1,1.0,51
2152,s08_p1_g1,1.0,52
2153,s08_p1_g1,1.0,53
2154,s08_p1_g1,1.0,54
2155,s08_p1_g1,1.0,55
2156,s08_p1_g1,1.0,56
2157,s08_p1_g1,1.0,57
2158,s08_p1_g1,1.0,58
2159,s08_p1_g1,1.0,59
2160,s08_p1_g1,1.0,60
2161,s08_p1_g1,1.0,61
2162,s08_p1_g1,1.0,62
2163,s08_p1_g1,1.0,63
2164,s08_p1_g1,1.0,64
2165,s08_p1_g1,1.0,65
2166,s08_p1_g1,1.0,66
2167,s08_p1_g1,1.0,67
2168,s08_p1_g1,1.0,68
2169,s08_p1_g1,1.0,69
2170,s08_p1_g1,1.0,70
2171,s08_p1_g1,1.0,71
2172,s08_p1_g1,1.0,72
2173,s08_p1_g1,1.0,73
2174,s08_p1_g1,1.0,74
2175,s08_p1_g1,1.0,75
2176,s08_p1_g1,1.0,76
2177,s08_p1_g1,1.0,77
2178,s08_p1_g1,1.0,78
2179,s08_p1_g1,1.0,79
2180,s08_p1_g1,1.0,80
2181,s08_p1_g1,1.0,81
2182,s08_p1_g1,1.0,82
2183,s08_p1_g1,2.0,83
2184,s08_p1_g1,2.0,84
2185,s08_p1_g1,2.0,85
2186,s08_p1_g1,2.0,86
2187,s08_p1_g1,2.0,87
2188,s08_p1_g1,2.0,88
2189,s08_p1_g1,2.0,89
2190,s08_p1_g1,2.0,90
2191,s08_p1_g1,2.0,91
2192,s08_p1_g1,2.0,92
2193,s08_p1_g1,2.0,93
2194,s08_p1_g1,2.0,94
2195,s08_p1_g1,2.0,95
2196,s08_p1_g1,2.0,96
2197,s08_p1_g1,2.0,97
2198,s08_p1_g1,2.0,98
2199,s08_p1_g1,2.0,99
2200,s09_p1_g1,0.0,0
2201,s09_p1_g1,0.0,1
2202,s09_p1_g1,0.0,2
2203,s09_p1_g1,0.0,3
2204,s09_p1_g1,0.0,4
2205,s09_p1_g1,1.0,5
2206,s09_p1_g1,1.0,6
2207,s09_p1_g1,1.0,7
2208,s09_p1_g1,1.0,8
2209,s09_p1_g1,1.0,9
2210,s09_p1_g1,1.0,10
2211,s09_p1_g1,1.0,11
2212,s09_p1_g1,2.0,12
2213,s09_p1_g1,2.0,13
2214,s09_p1_g1,2.0,14
2215,s09_p1_g1,3.0,15
2216,s09_p1_g1,4.0,16
2217,s09_p1_g1,4.0,17
2218,s09_p1_g1,4.0,18
2219,s09_p1_g1,4.0,19
2220,s09_p1_g1,4.0,20
2221,s09_p1_g1,5.0,21
2222,s09_p1_g1,6.0,22
2223,s09_p1_g1,6.0,23
2224,s09_p1_g1,6.0,24
2225,s09_p1_g1,7.0,25
2226,s09_p1_g1,7.0,26
2227,s09_p1_g1,7.0,27
2228,s09_p1_g1,7.0,28
2229,s09_p1_g1,7.0,29
2230,s09_p1_g1,7.0,30
2231,s09_p1_g1,7.0,31
2232,s09_p1_g1,8.0,32
2233,s09_p1_g1,8.0,33
2234,s09_p1_g1,8.0,34
2235,s09_p1_g1,9.0,35
2236,s09_p1_g1,9.0,36
2237,s09_p1_g1,9.0,37
2238,s09_p1_g1,9.0,38
2239,s09_p1_g1,10.0,39
2240,s09_p1_g1,10.0,40
2241,s09_p1_g1,10.0,41
2242,s09_p1_g1,10.0,42
2243,s09_p1_g1,10.0,43
2244,s09_p1_g1,10.0,44
2245,s09_p1_g1,10.0,45
2246,s09_p1_g1,10.0,46
2247,s09_p1_g1,10.0,47
2248,s09_p1_g1,10.0,48
2249,s09_p1_g1,10.0,49
2250,s09_p1_g1,11.0,50
2251,s09_p1_g1,11.0,51
2252,s09_p1_g1,11.0,52
2253,s09_p1_g1,11.0,53
2254,s09_p1_g1,11.0,54
2255,s09_p1_g1,11.0,55
2256,s09_p1_g1,12.0,56
2257,s09_p1_g1,12.0,57
2258,s09_p1_g1,12.0,58
2259,s09_p1_g1,12.0,59
2260,s09_p1_g1,12.0,60
2261,s09_p1_g1,12.0,61
2262,s09_p1_g1,12.0,62
2263,s09_p1_g1,12.0,63
2264,s09_p1_g1,12.0,64
2265,s09_p1_g1,12.0,65
2266,s09_p1_g1,12.0,66
2267,s09_p1_g1,12.0,67
2268,s09_p1_g1,12.0,68
2269,s09_p1_g1,13.0,69
2270,s09_p1_g1,13.0,70
2271,s09_p1_g1,13.0,71
2272,s09_p1_g1,13.0,72
2273,s09_p1_g1,13.0,73
2274,s09_p1_g1,14.0,74
2275,s09_p1_g1,14.0,75
2276,s09_p1_g1,15.0,76
2277,s09_p1_g1,15.0,77
2278,s09_p1_g1,15.0,78
2279,s09_p1_g1,15.0,79
2280,s09_p1_g1,16.0,80
2281,s09_p1_g1,16.0,81
2282,s09_p1_g1,16.0,82
2283,s09_p1_g1,16.0,83
2284,s09_p1_g1,16.0,84
2285,s09_p1_g1,16.0,85
2286,s09_p1_g1,17.0,86
2287,s09_p1_g1,17.0,87
2288,s09_p1_g1,17.0,88
2289,s09_p1_g1,17.0,89
2290,s09_p1_g1,17.0,90
2291,s09_p1_g1,17.0,91
2292,s09_p1_g1,17.0,92
2293,s09_p1_g1,17.0,93
2294,s09_p1_g1,17.0,94
2295,s09_p1_g1,17.0,95
2296,s09_p1_g1,17.0,96
2297,s09_p1_g1,17.0,97
2298,s09_p1_g1,17.0,98
2299,s09_p1_g1,17.0,99
2300,s11_p1_g1,0.0,0
2301,s11_p1_g1,0.0,1
2302,s11_p1_g1,1.0,2
2303,s11_p1_g1,1.0,3
2304,s11_p1_g1,2.0,4
2305,s11_p1_g1,2.0,5
2306,s11_p1_g1,2.0,6
2307,s11_p1_g1,2.0,7
2308,s11_p1_g1,2.0,8
2309,s11_p1_g1,3.0,9
2310,s11_p1_g1,3.0,10
2311,s11_p1_g1,3.0,11
2312,s11_p1_g1,3.0,12
2313,s11_p1_g1,3.0,13
2314,s11_p1_g1,4.0,14
2315,s11_p1_g1,5.0,15
2316,s11_p1_g1,5.0,16
2317,s11_p1_g1,5.0,17
2318,s11_p1_g1,5.0,18
2319,s11_p1_g1,5.0,19
2320,s11_p1_g1,6.0,20
2321,s11_p1_g1,7.0,21
2322,s11_p1_g1,8.0,22
2323,s11_p1_g1,8.0,23
2324,s11_p1_g1,8.0,24
2325,s11_p1_g1,8.0,25
2326,s11_p1_g1,8.0,26
2327,s11_p1_g1,9.0,27
2328,s11_p1_g1,9.0,28
2329,s11_p1_g1,9.0,29
2330,s11_p1_g1,9.0,30
2331,s11_p1_g1,10.0,31
2332,s11_p1_g1,10.0,32
2333,s11_p1_g1,11.0,33
2334,s11_p1_g1,12.0,34
2335,s11_p1_g1,12.0,35
2336,s11_p1_g1,12.0,36
2337,s11_p1_g1,12.0,37
2338,s11_p1_g1,13.0,38
2339,s11_p1_g1,13.0,39
2340,s11_p1_g1,14.0,40
2341,s11_p1_g1,14.0,41
2342,s11_p1_g1,14.0,42
2343,s11_p1_g1,15.0,43
2344,s11_p1_g1,15.0,44
2345,s11_p1_g1,15.0,45
2346,s11_p1_g1,15.0,46
2347,s11_p1_g1,16.0,47
2348,s11_p1_g1,16.0,48
2349,s11_p1_g1,17.0,49
2350,s11_p1_g1,17.0,50
2351,s11_p1_g1,18.0,51
2352,s11_p1_g1,18.0,52
2353,s11_p1_g1,19.0,53
2354,s11_p1_g1,19.0,54
2355,s11_p1_g1,19.0,55
2356,s11_p1_g1,19.0,56
2357,s11_p1_g1,19.0,57
2358,s11_p1_g1,20.0,58
2359,s11_p1_g1,21.0,59
2360,s11_p1_g1,21.0,60
2361,s11_p1_g1,21.0,61
2362,s11_p1_g1,21.0,62
2363,s11_p1_g1,21.0,63
2364,s11_p1_g1,21.0,64
2365,s11_p1_g1,21.0,65
2366,s11_p1_g1,21.0,66
2367,s11_p1_g1,22.0,67
2368,s11_p1_g1,22.0,68
2369,s11_p1_g1,22.0,69
2370,s11_p1_g1,22.0,70
2371,s11_p1_g1,23.0,71
2372,s11_p1_g1,24.0,72
2373,s11_p1_g1,24.0,73
2374,s11_p1_g1,24.0,74
2375,s11_p1_g1,24.0,75
2376,s11_p1_g1,25.0,76
2377,s11_p1_g1,25.0,77
2378,s11_p1_g1,25.0,78
2379,s11_p1_g1,25.0,79
2380,s11_p1_g1,25.0,80
2381,s11_p1_g1,25.0,81
2382,s11_p1_g1,26.0,82
2383,s11_p1_g1,26.0,83
2384,s11_p1_g1,26.0,84
2385,s11_p1_g1,26.0,85
2386,s11_p1_g1,26.0,86
2387,s11_p1_g1,26.0,87
2388,s11_p1_g1,26.0,88
2389,s11_p1_g1,26.0,89
2390,s11_p1_g1,27.0,90
2391,s11_p1_g1,28.0,91
2392,s11_p1_g1,28.0,92
2393,s11_p1_g1,28.0,93
2394,s11_p1_g1,28.0,94
2395,s11_p1_g1,28.0,95
2396,s11_p1_g1,29.0,96
2397,s11_p1_g1,29.0,97
2398,s11_p1_g1,30.0,98
2399,s11_p1_g1,30.0,99
2400,s12_p1_g1,0.0,0
2401,s12_p1_g1,0.0,1
2402,s12_p1_g1,1.0,2
2403,s12_p1_g1,1.0,3
2404,s12_p1_g1,2.0,4
2405,s12_p1_g1,2.0,5
2406,s12_p1_g1,2.0,6
2407,s12_p1_g1,2.0,7
2408,s12_p1_g1,2.0,8
2409,s12_p1_g1,2.0,9
2410,s12_p1_g1,2.0,10
2411,s12_p1_g1,2.0,11
2412,s12_p1_g1,2.0,12
2413,s12_p1_g1,2.0,13
2414,s12_p1_g1,2.0,14
2415,s12_p1_g1,2.0,15
2416,s12_p1_g1,2.0,16
2417,s12_p1_g1,2.0,17
2418,s12_p1_g1,3.0,18
2419,s12_p1_g1,4.0,19
2420,s12_p1_g1,5.0,20
2421,s12_p1_g1,5.0,21
2422,s12_p1_g1,5.0,22
2423,s12_p1_g1,5.0,23
2424,s12_p1_g1,5.0,24
2425,s12_p1_g1,5.0,25
2426,s12_p1_g1,5.0,26
2427,s12_p1_g1,5.0,27
2428,s12_p1_g1,5.0,28
2429,s12_p1_g1,5.0,29
2430,s12_p1_g1,5.0,30
2431,s12_p1_g1,5.0,31
2432,s12_p1_g1,5.0,32
2433,s12_p1_g1,5.0,33
2434,s12_p1_g1,5.0,34
2435,s12_p1_g1,5.0,35
2436,s12_p1_g1,6.0,36
2437,s12_p1_g1,6.0,37
2438,s12_p1_g1,6.0,38
2439,s12_p1_g1,6.0,39
2440,s12_p1_g1,6.0,40
2441,s12_p1_g1,6.0,41
2442,s12_p1_g1,6.0,42
2443,s12_p1_g1,6.0,43
2444,s12_p1_g1,6.0,44
2445,s12_p1_g1,6.0,45
2446,s12_p1_g1,6.0,46
2447,s12_p1_g1,6.0,47
2448,s12_p1_g1,6.0,48
2449,s12_p1_g1,6.0,49
2450,s12_p1_g1,6.0,50
2451,s12_p1_g1,6.0,51
2452,s12_p1_g1,6.0,52
2453,s12_p1_g1,6.0,53
2454,s12_p1_g1,6.0,54
2455,s12_p1_g1,6.0,55
2456,s12_p1_g1,6.0,56
2457,s12_p1_g1,6.0,57
2458,s12_p1_g1,7.0,58
2459,s12_p1_g1,7.0,59
2460,s12_p1_g1,7.0,60
2461,s12_p1_g1,7.0,61
2462,s12_p1_g1,7.0,62
2463,s12_p1_g1,7.0,63
2464,s12_p1_g1,7.0,64
2465,s12_p1_g1,7.0,65
2466,s12_p1_g1,7.0,66
2467,s12_p1_g1,7.0,67
2468,s12_p1_g1,7.0,68
2469,s12_p1_g1,7.0,69
2470,s12_p1_g1,7.0,70
2471,s12_p1_g1,7.0,71
2472,s12_p1_g1,7.0,72
2473,s12_p1_g1,7.0,73
2474,s12_p1_g1,7.0,74
2475,s12_p1_g1,7.0,75
2476,s12_p1_g1,7.0,76
2477,s12_p1_g1,7.0,77
2478,s12_p1_g1,7.0,78
2479,s12_p1_g1,7.0,79
2480,s12_p1_g1,7.0,80
2481,s12_p1_g1,7.0,81
2482,s12_p1_g1,7.0,82
2483,s12_p1_g1,7.0,83
2484,s12_p1_g1,7.0,84
2485,s12_p1_g1,7.0,85
2486,s12_p1_g1,7.0,86
2487,s12_p1_g1,7.0,87
2488,s12_p1_g1,7.0,88
2489,s12_p1_g1,7.0,89
2490,s12_p1_g1,7.0,90
2491,s12_p1_g1,7.0,91
2492,s12_p1_g1,7.0,92
2493,s12_p1_g1,7.0,93
2494,s12_p1_g1,7.0,94
2495,s12_p1_g1,7.0,95
2496,s12_p1_g1,7.0,96
2497,s12_p1_g1,7.0,97
2498,s12_p1_g1,7.0,98
2499,s12_p1_g1,7.0,99
2500,s14_p1_g1,0.0,0
2501,s14_p1_g1,0.0,1
2502,s14_p1_g1,0.0,2
2503,s14_p1_g1,0.0,3
2504,s14_p1_g1,0.0,4
2505,s14_p1_g1,0.0,5
2506,s14_p1_g1,0.0,6
2507,s14_p1_g1,0.0,7
2508,s14_p1_g1,0.0,8
2509,s14_p1_g1,0.0,9
2510,s14_p1_g1,0.0,10
2511,s14_p1_g1,0.0,11
2512,s14_p1_g1,0.0,12
2513,s14_p1_g1,0.0,13
2514,s14_p1_g1,0.0,14
2515,s14_p1_g1,0.0,15
2516,s14_p1_g1,0.0,16
2517,s14_p1_g1,1.0,17
2518,s14_p1_g1,1.0,18
2519,s14_p1_g1,1.0,19
2520,s14_p1_g1,1.0,20
2521,s14_p1_g1,1.0,21
2522,s14_p1_g1,1.0,22
2523,s14_p1_g1,1.0,23
2524,s14_p1_g1,1.0,24
2525,s14_p1_g1,1.0,25
2526,s14_p1_g1,1.0,26
2527,s14_p1_g1,1.0,27
2528,s14_p1_g1,1.0,28
2529,s14_p1_g1,1.0,29
2530,s14_p1_g1,1.0,30
2531,s14_p1_g1,1.0,31
2532,s14_p1_g1,1.0,32
2533,s14_p1_g1,2.0,33
2534,s14_p1_g1,2.0,34
2535,s14_p1_g1,2.0,35
2536,s14_p1_g1,2.0,36
2537,s14_p1_g1,2.0,37
2538,s14_p1_g1,2.0,38
2539,s14_p1_g1,2.0,39
2540,s14_p1_g1,2.0,40
2541,s14_p1_g1,2.0,41
2542,s14_p1_g1,2.0,42
2543,s14_p1_g1,2.0,43
2544,s14_p1_g1,2.0,44
2545,s14_p1_g1,2.0,45
2546,s14_p1_g1,2.0,46
2547,s14_p1_g1,2.0,47
2548,s14_p1_g1,2.0,48
2549,s14_p1_g1,2.0,49
2550,s14_p1_g1,2.0,50
2551,s14_p1_g1,2.0,51
2552,s14_p1_g1,2.0,52
2553,s14_p1_g1,2.0,53
2554,s14_p1_g1,2.0,54
2555,s14_p1_g1,2.0,55
2556,s14_p1_g1,2.0,56
2557,s14_p1_g1,2.0,57
2558,s14_p1_g1,2.0,58
2559,s14_p1_g1,2.0,59
2560,s14_p1_g1,2.0,60
2561,s14_p1_g1,2.0,61
2562,s14_p1_g1,2.0,62
2563,s14_p1_g1,2.0,63
2564,s14_p1_g1,2.0,64
2565,s14_p1_g1,2.0,65
2566,s14_p1_g1,2.0,66
2567,s14_p1_g1,2.0,67
2568,s14_p1_g1,2.0,68
2569,s14_p1_g1,2.0,69
2570,s14_p1_g1,2.0,70
2571,s14_p1_g1,2.0,71
2572,s14_p1_g1,2.0,72
2573,s14_p1_g1,2.0,73
2574,s14_p1_g1,2.0,74
2575,s14_p1_g1,2.0,75
2576,s14_p1_g1,2.0,76
2577,s14_p1_g1,2.0,77
2578,s14_p1_g1,2.0,78
2579,s14_p1_g1,2.0,79
2580,s14_p1_g1,2.0,80
2581,s14_p1_g1,2.0,81
2582,s14_p1_g1,2.0,82
2583,s14_p1_g1,2.0,83
2584,s14_p1_g1,2.0,84
2585,s14_p1_g1,2.0,85
2586,s14_p1_g1,2.0,86
2587,s14_p1_g1,2.0,87
2588,s14_p1_g1,2.0,88
2589,s14_p1_g1,2.0,89
2590,s14_p1_g1,2.0,90
2591,s14_p1_g1,2.0,91
2592,s14_p1_g1,2.0,92
2593,s14_p1_g1,2.0,93
2594,s14_p1_g1,2.0,94
2595,s14_p1_g1,2.0,95
2596,s14_p1_g1,2.0,96
2597,s14_p1_g1,2.0,97
2598,s14_p1_g1,2.0,98
2599,s14_p1_g1,2.0,99
2600,s15_p1_g1,0.0,0
2601,s15_p1_g1,0.0,1
2602,s15_p1_g1,1.0,2
2603,s15_p1_g1,1.0,3
2604,s15_p1_g1,1.0,4
2605,s15_p1_g1,1.0,5
2606,s15_p1_g1,1.0,6
2607,s15_p1_g1,1.0,7
2608,s15_p1_g1,1.0,8
2609,s15_p1_g1,1.0,9
2610,s15_p1_g1,1.0,10
2611,s15_p1_g1,1.0,11
2612,s15_p1_g1,2.0,12
2613,s15_p1_g1,3.0,13
2614,s15_p1_g1,3.0,14
2615,s15_p1_g1,3.0,15
2616,s15_p1_g1,4.0,16
2617,s15_p1_g1,4.0,17
2618,s15_p1_g1,4.0,18
2619,s15_p1_g1,4.0,19
2620,s15_p1_g1,4.0,20
2621,s15_p1_g1,5.0,21
2622,s15_p1_g1,5.0,22
2623,s15_p1_g1,5.0,23
2624,s15_p1_g1,5.0,24
2625,s15_p1_g1,5.0,25
2626,s15_p1_g1,5.0,26
2627,s15_p1_g1,6.0,27
2628,s15_p1_g1,6.0,28
2629,s15_p1_g1,6.0,29
2630,s15_p1_g1,7.0,30
2631,s15_p1_g1,7.0,31
2632,s15_p1_g1,7.0,32
2633,s15_p1_g1,7.0,33
2634,s15_p1_g1,7.0,34
2635,s15_p1_g1,8.0,35
2636,s15_p1_g1,8.0,36
2637,s15_p1_g1,8.0,37
2638,s15_p1_g1,8.0,38
2639,s15_p1_g1,8.0,39
2640,s15_p1_g1,8.0,40
2641,s15_p1_g1,8.0,41
2642,s15_p1_g1,8.0,42
2643,s15_p1_g1,8.0,43
2644,s15_p1_g1,8.0,44
2645,s15_p1_g1,8.0,45
2646,s15_p1_g1,8.0,46
2647,s15_p1_g1,8.0,47
2648,s15_p1_g1,8.0,48
2649,s15_p1_g1,8.0,49
2650,s15_p1_g1,8.0,50
2651,s15_p1_g1,8.0,51
2652,s15_p1_g1,8.0,52
2653,s15_p1_g1,8.0,53
2654,s15_p1_g1,8.0,54
2655,s15_p1_g1,8.0,55
2656,s15_p1_g1,8.0,56
2657,s15_p1_g1,8.0,57
2658,s15_p1_g1,8.0,58
2659,s15_p1_g1,8.0,59
2660,s15_p1_g1,8.0,60
2661,s15_p1_g1,8.0,61
2662,s15_p1_g1,8.0,62
2663,s15_p1_g1,8.0,63
2664,s15_p1_g1,8.0,64
2665,s15_p1_g1,8.0,65
2666,s15_p1_g1,8.0,66
2667,s15_p1_g1,8.0,67
2668,s15_p1_g1,8.0,68
2669,s15_p1_g1,8.0,69
2670,s15_p1_g1,8.0,70
2671,s15_p1_g1,8.0,71
2672,s15_p1_g1,8.0,72
2673,s15_p1_g1,8.0,73
2674,s15_p1_g1,8.0,74
2675,s15_p1_g1,8.0,75
2676,s15_p1_g1,8.0,76
2677,s15_p1_g1,8.0,77
2678,s15_p1_g1,8.0,78
2679,s15_p1_g1,8.0,79
2680,s15_p1_g1,8.0,80
2681,s15_p1_g1,8.0,81
2682,s15_p1_g1,8.0,82
2683,s15_p1_g1,8.0,83
2684,s15_p1_g1,8.0,84
2685,s15_p1_g1,8.0,85
2686,s15_p1_g1,8.0,86
2687,s15_p1_g1,8.0,87
2688,s15_p1_g1,9.0,88
2689,s15_p1_g1,9.0,89
2690,s15_p1_g1,9.0,90
2691,s15_p1_g1,9.0,91
2692,s15_p1_g1,9.0,92
2693,s15_p1_g1,9.0,93
2694,s15_p1_g1,9.0,94
2695,s15_p1_g1,9.0,95
2696,s15_p1_g1,9.0,96
2697,s15_p1_g1,10.0,97
2698,s15_p1_g1,10.0,98
2699,s15_p1_g1,10.0,99
2700,s16_p1_g1,0.0,0
2701,s16_p1_g1,0.0,1
2702,s16_p1_g1,0.0,2
2703,s16_p1_g1,0.0,3
2704,s16_p1_g1,0.0,4
2705,s16_p1_g1,1.0,5
2706,s16_p1_g1,1.0,6
2707,s16_p1_g1,1.0,7
2708,s16_p1_g1,2.0,8
2709,s16_p1_g1,2.0,9
2710,s16_p1_g1,2.0,10
2711,s16_p1_g1,2.0,11
2712,s16_p1_g1,3.0,12
2713,s16_p1_g1,3.0,13
2714,s16_p1_g1,3.0,14
2715,s16_p1_g1,3.0,15
2716,s16_p1_g1,4.0,16
2717,s16_p1_g1,4.0,17
2718,s16_p1_g1,5.0,18
2719,s16_p1_g1,5.0,19
2720,s16_p1_g1,5.0,20
2721,s16_p1_g1,5.0,21
2722,s16_p1_g1,6.0,22
2723,s16_p1_g1,6.0,23
2724,s16_p1_g1,6.0,24
2725,s16_p1_g1,7.0,25
2726,s16_p1_g1,7.0,26
2727,s16_p1_g1,7.0,27
2728,s16_p1_g1,7.0,28
2729,s16_p1_g1,8.0,29
2730,s16_p1_g1,8.0,30
2731,s16_p1_g1,8.0,31
2732,s16_p1_g1,9.0,32
2733,s16_p1_g1,9.0,33
2734,s16_p1_g1,9.0,34
2735,s16_p1_g1,9.0,35
2736,s16_p1_g1,10.0,36
2737,s16_p1_g1,10.0,37
2738,s16_p1_g1,10.0,38
2739,s16_p1_g1,10.0,39
2740,s16_p1_g1,11.0,40
2741,s16_p1_g1,11.0,41
2742,s16_p1_g1,11.0,42
2743,s16_p1_g1,12.0,43
2744,s16_p1_g1,12.0,44
2745,s16_p1_g1,12.0,45
2746,s16_p1_g1,13.0,46
2747,s16_p1_g1,13.0,47
2748,s16_p1_g1,13.0,48
2749,s16_p1_g1,13.0,49
2750,s16_p1_g1,13.0,50
2751,s16_p1_g1,13.0,51
2752,s16_p1_g1,13.0,52
2753,s16_p1_g1,13.0,53
2754,s16_p1_g1,13.0,54
2755,s16_p1_g1,13.0,55
2756,s16_p1_g1,13.0,56
2757,s16_p1_g1,13.0,57
2758,s16_p1_g1,13.0,58
2759,s16_p1_g1,13.0,59
2760,s16_p1_g1,13.0,60
2761,s16_p1_g1,13.0,61
2762,s16_p1_g1,13.0,62
2763,s16_p1_g1,13.0,63
2764,s16_p1_g1,13.0,64
2765,s16_p1_g1,13.0,65
2766,s16_p1_g1,13.0,66
2767,s16_p1_g1,14.0,67
2768,s16_p1_g1,14.0,68
2769,s16_p1_g1,14.0,69
2770,s16_p1_g1,14.0,70
2771,s16_p1_g1,15.0,71
2772,s16_p1_g1,15.0,72
2773,s16_p1_g1,16.0,73
2774,s16_p1_g1,16.0,74
2775,s16_p1_g1,16.0,75
2776,s16_p1_g1,17.0,76
2777,s16_p1_g1,17.0,77
2778,s16_p1_g1,17.0,78
2779,s16_p1_g1,18.0,79
2780,s16_p1_g1,18.0,80
2781,s16_p1_g1,18.0,81
2782,s16_p1_g1,19.0,82
2783,s16_p1_g1,19.0,83
2784,s16_p1_g1,19.0,84
2785,s16_p1_g1,20.0,85
2786,s16_p1_g1,20.0,86
2787,s16_p1_g1,20.0,87
2788,s16_p1_g1,21.0,88
2789,s16_p1_g1,21.0,89
2790,s16_p1_g1,21.0,90
2791,s16_p1_g1,22.0,91
2792,s16_p1_g1,22.0,92
2793,s16_p1_g1,22.0,93
2794,s16_p1_g1,23.0,94
2795,s16_p1_g1,23.0,95
2796,s16_p1_g1,24.0,96
2797,s16_p1_g1,24.0,97
2798,s16_p1_g1,24.0,98
2799,s16_p1_g1,25.0,99
2800,s17_p1_g1,0.0,0
2801,s17_p1_g1,0.0,1
2802,s17_p1_g1,0.0,2
2803,s17_p1_g1,0.0,3
2804,s17_p1_g1,1.0,4
2805,s17_p1_g1,1.0,5
2806,s17_p1_g1,1.0,6
2807,s17_p1_g1,1.0,7
2808,s17_p1_g1,1.0,8
2809,s17_p1_g1,1.0,9
2810,s17_p1_g1,1.0,10
2811,s17_p1_g1,1.0,11
2812,s17_p1_g1,1.0,12
2813,s17_p1_g1,1.0,13
2814,s17_p1_g1,2.0,14
2815,s17_p1_g1,2.0,15
2816,s17_p1_g1,2.0,16
2817,s17_p1_g1,2.0,17
2818,s17_p1_g1,2.0,18
2819,s17_p1_g1,2.0,19
2820,s17_p1_g1,2.0,20
2821,s17_p1_g1,2.0,21
2822,s17_p1_g1,2.0,22
2823,s17_p1_g1,2.0,23
2824,s17_p1_g1,2.0,24
2825,s17_p1_g1,2.0,25
2826,s17_p1_g1,2.0,26
2827,s17_p1_g1,2.0,27
2828,s17_p1_g1,2.0,28
2829,s17_p1_g1,2.0,29
2830,s17_p1_g1,2.0,30
2831,s17_p1_g1,2.0,31
2832,s17_p1_g1,2.0,32
2833,s17_p1_g1,2.0,33
2834,s17_p1_g1,2.0,34
2835,s17_p1_g1,2.0,35
2836,s17_p1_g1,2.0,36
2837,s17_p1_g1,2.0,37
2838,s17_p1_g1,2.0,38
2839,s17_p1_g1,2.0,39
2840,s17_p1_g1,2.0,40
2841,s17_p1_g1,2.0,41
2842,s17_p1_g1,2.0,42
2843,s17_p1_g1,2.0,43
2844,s17_p1_g1,2.0,44
2845,s17_p1_g1,2.0,45
2846,s17_p1_g1,2.0,46
2847,s17_p1_g1,2.0,47
2848,s17_p1_g1,2.0,48
2849,s17_p1_g1,2.0,49
2850,s17_p1_g1,2.0,50
2851,s17_p1_g1,2.0,51
2852,s17_p1_g1,2.0,52
2853,s17_p1_g1,2.0,53
2854,s17_p1_g1,2.0,54
2855,s17_p1_g1,2.0,55
2856,s17_p1_g1,2.0,56
2857,s17_p1_g1,2.0,57
2858,s17_p1_g1,2.0,58
2859,s17_p1_g1,2.0,59
2860,s17_p1_g1,2.0,60
2861,s17_p1_g1,2.0,61
2862,s17_p1_g1,2.0,62
2863,s17_p1_g1,2.0,63
2864,s17_p1_g1,2.0,64
2865,s17_p1_g1,2.0,65
2866,s17_p1_g1,2.0,66
2867,s17_p1_g1,2.0,67
2868,s17_p1_g1,2.0,68
2869,s17_p1_g1,2.0,69
2870,s17_p1_g1,2.0,70
2871,s17_p1_g1,2.0,71
2872,s17_p1_g1,2.0,72
2873,s17_p1_g1,2.0,73
2874,s17_p1_g1,2.0,74
2875,s17_p1_g1,2.0,75
2876,s17_p1_g1,2.0,76
2877,s17_p1_g1,2.0,77
2878,s17_p1_g1,2.0,78
2879,s17_p1_g1,2.0,79
2880,s17_p1_g1,2.0,80
2881,s17_p1_g1,2.0,81
2882,s17_p1_g1,2.0,82
2883,s17_p1_g1,2.0,83
2884,s17_p1_g1,2.0,84
2885,s17_p1_g1,2.0,85
2886,s17_p1_g1,2.0,86
2887,s17_p1_g1,2.0,87
2888,s17_p1_g1,2.0,88
2889,s17_p1_g1,2.0,89
2890,s17_p1_g1,2.0,90
2891,s17_p1_g1,2.0,91
2892,s17_p1_g1,2.0,92
2893,s17_p1_g1,2.0,93
2894,s17_p1_g1,2.0,94
2895,s17_p1_g1,2.0,95
2896,s17_p1_g1,2.0,96
2897,s17_p1_g1,2.0,97
2898,s17_p1_g1,2.0,98
2899,s17_p1_g1,2.0,99
2900,s19_p1_g1,0.0,0
2901,s19_p1_g1,0.0,1
2902,s19_p1_g1,0.0,2
2903,s19_p1_g1,1.0,3
2904,s19_p1_g1,1.0,4
2905,s19_p1_g1,2.0,5
2906,s19_p1_g1,2.0,6
2907,s19_p1_g1,2.0,7
2908,s19_p1_g1,3.0,8
2909,s19_p1_g1,4.0,9
2910,s19_p1_g1,4.0,10
2911,s19_p1_g1,4.0,11
2912,s19_p1_g1,4.0,12
2913,s19_p1_g1,4.0,13
2914,s19_p1_g1,5.0,14
2915,s19_p1_g1,6.0,15
2916,s19_p1_g1,6.0,16
2917,s19_p1_g1,6.0,17
2918,s19_p1_g1,7.0,18
2919,s19_p1_g1,7.0,19
2920,s19_p1_g1,7.0,20
2921,s19_p1_g1,7.0,21
2922,s19_p1_g1,8.0,22
2923,s19_p1_g1,8.0,23
2924,s19_p1_g1,8.0,24
2925,s19_p1_g1,8.0,25
2926,s19_p1_g1,8.0,26
2927,s19_p1_g1,9.0,27
2928,s19_p1_g1,9.0,28
2929,s19_p1_g1,9.0,29
2930,s19_p1_g1,10.0,30
2931,s19_p1_g1,10.0,31
2932,s19_p1_g1,11.0,32
2933,s19_p1_g1,11.0,33
2934,s19_p1_g1,12.0,34
2935,s19_p1_g1,12.0,35
2936,s19_p1_g1,12.0,36
2937,s19_p1_g1,12.0,37
2938,s19_p1_g1,12.0,38
2939,s19_p1_g1,12.0,39
2940,s19_p1_g1,12.0,40
2941,s19_p1_g1,12.0,41
2942,s19_p1_g1,12.0,42
2943,s19_p1_g1,12.0,43
2944,s19_p1_g1,12.0,44
2945,s19_p1_g1,12.0,45
2946,s19_p1_g1,12.0,46
2947,s19_p1_g1,12.0,47
2948,s19_p1_g1,12.0,48
2949,s19_p1_g1,12.0,49
2950,s19_p1_g1,12.0,50
2951,s19_p1_g1,12.0,51
2952,s19_p1_g1,12.0,52
2953,s19_p1_g1,12.0,53
2954,s19_p1_g1,12.0,54
2955,s19_p1_g1,12.0,55
2956,s19_p1_g1,12.0,56
2957,s19_p1_g1,12.0,57
2958,s19_p1_g1,12.0,58
2959,s19_p1_g1,12.0,59
2960,s19_p1_g1,12.0,60
2961,s19_p1_g1,12.0,61
2962,s19_p1_g1,12.0,62
2963,s19_p1_g1,12.0,63
2964,s19_p1_g1,12.0,64
2965,s19_p1_g1,12.0,65
2966,s19_p1_g1,12.0,66
2967,s19_p1_g1,13.0,67
2968,s19_p1_g1,14.0,68
2969,s19_p1_g1,14.0,69
2970,s19_p1_g1,14.0,70
2971,s19_p1_g1,14.0,71
2972,s19_p1_g1,15.0,72
2973,s19_p1_g1,16.0,73
2974,s19_p1_g1,17.0,74
2975,s19_p1_g1,18.0,75
2976,s19_p1_g1,18.0,76
2977,s19_p1_g1,18.0,77
2978,s19_p1_g1,18.0,78
2979,s19_p1_g1,18.0,79
2980,s19_p1_g1,18.0,80
2981,s19_p1_g1,18.0,81
2982,s19_p1_g1,18.0,82
2983,s19_p1_g1,18.0,83
2984,s19_p1_g1,18.0,84
2985,s19_p1_g1,18.0,85
2986,s19_p1_g1,18.0,86
2987,s19_p1_g1,18.0,87
2988,s19_p1_g1,18.0,88
2989,s19_p1_g1,18.0,89
2990,s19_p1_g1,18.0,90
2991,s19_p1_g1,18.0,91
2992,s19_p1_g1,18.0,92
2993,s19_p1_g1,18.0,93
2994,s19_p1_g1,18.0,94
2995,s19_p1_g1,18.0,95
2996,s19_p1_g1,18.0,96
2997,s19_p1_g1,19.0,97
2998,s19_p1_g1,20.0,98
2999,s19_p1_g1,20.0,99
3000,s20_p1_g1,0.0,0
3001,s20_p1_g1,0.0,1
3002,s20_p1_g1,0.0,2
3003,s20_p1_g1,1.0,3
3004,s20_p1_g1,1.0,4
3005,s20_p1_g1,1.0,5
3006,s20_p1_g1,1.0,6
3007,s20_p1_g1,2.0,7
3008,s20_p1_g1,2.0,8
3009,s20_p1_g1,2.0,9
3010,s20_p1_g1,3.0,10
3011,s20_p1_g1,3.0,11
3012,s20_p1_g1,3.0,12
3013,s20_p1_g1,3.0,13
3014,s20_p1_g1,4.0,14
3015,s20_p1_g1,4.0,15
3016,s20_p1_g1,5.0,16
3017,s20_p1_g1,5.0,17
3018,s20_p1_g1,5.0,18
3019,s20_p1_g1,6.0,19
3020,s20_p1_g1,6.0,20
3021,s20_p1_g1,6.0,21
3022,s20_p1_g1,7.0,22
3023,s20_p1_g1,7.0,23
3024,s20_p1_g1,7.0,24
3025,s20_p1_g1,8.0,25
3026,s20_p1_g1,8.0,26
3027,s20_p1_g1,8.0,27
3028,s20_p1_g1,8.0,28
3029,s20_p1_g1,9.0,29
3030,s20_p1_g1,9.0,30
3031,s20_p1_g1,9.0,31
3032,s20_p1_g1,10.0,32
3033,s20_p1_g1,10.0,33
3034,s20_p1_g1,10.0,34
3035,s20_p1_g1,10.0,35
3036,s20_p1_g1,10.0,36
3037,s20_p1_g1,10.0,37
3038,s20_p1_g1,11.0,38
3039,s20_p1_g1,11.0,39
3040,s20_p1_g1,11.0,40
3041,s20_p1_g1,12.0,41
3042,s20_p1_g1,12.0,42
3043,s20_p1_g1,12.0,43
3044,s20_p1_g1,12.0,44
3045,s20_p1_g1,12.0,45
3046,s20_p1_g1,12.0,46
3047,s20_p1_g1,12.0,47
3048,s20_p1_g1,13.0,48
3049,s20_p1_g1,13.0,49
3050,s20_p1_g1,13.0,50
3051,s20_p1_g1,13.0,51
3052,s20_p1_g1,13.0,52
3053,s20_p1_g1,13.0,53
3054,s20_p1_g1,13.0,54
3055,s20_p1_g1,13.0,55
3056,s20_p1_g1,14.0,56
3057,s20_p1_g1,14.0,57
3058,s20_p1_g1,14.0,58
3059,s20_p1_g1,14.0,59
3060,s20_p1_g1,14.0,60
3061,s20_p1_g1,15.0,61
3062,s20_p1_g1,15.0,62
3063,s20_p1_g1,15.0,63
3064,s20_p1_g1,16.0,64
3065,s20_p1_g1,16.0,65
3066,s20_p1_g1,16.0,66
3067,s20_p1_g1,17.0,67
3068,s20_p1_g1,17.0,68
3069,s20_p1_g1,17.0,69
3070,s20_p1_g1,17.0,70
3071,s20_p1_g1,17.0,71
3072,s20_p1_g1,17.0,72
3073,s20_p1_g1,17.0,73
3074,s20_p1_g1,17.0,74
3075,s20_p1_g1,17.0,75
3076,s20_p1_g1,17.0,76
3077,s20_p1_g1,17.0,77
3078,s20_p1_g1,18.0,78
3079,s20_p1_g1,18.0,79
3080,s20_p1_g1,18.0,80
3081,s20_p1_g1,18.0,81
3082,s20_p1_g1,19.0,82
3083,s20_p1_g1,19.0,83
3084,s20_p1_g1,19.0,84
3085,s20_p1_g1,19.0,85
3086,s20_p1_g1,19.0,86
3087,s20_p1_g1,19.0,87
3088,s20_p1_g1,20.0,88
3089,s20_p1_g1,20.0,89
3090,s20_p1_g1,20.0,90
3091,s20_p1_g1,20.0,91
3092,s20_p1_g1,20.0,92
3093,s20_p1_g1,20.0,93
3094,s20_p1_g1,20.0,94
3095,s20_p1_g1,20.0,95
3096,s20_p1_g1,20.0,96
3097,s20_p1_g1,21.0,97
3098,s20_p1_g1,21.0,98
3099,s20_p1_g1,21.0,99
